
> gwnu-wonju-club@1.0.0 test
> react-scripts test --coverage --watchAll=false

FAIL src/Main/Main_Component/ClubNotice.test.js (5.792 s)
  ● Console

    console.log
      Error: Network error

      at src/Main/Main_Component/ClubNotice.js:104:17

  ● ClubNotice Component › 검색 기능이 정상적으로 동작한다

    TypeError: Cannot read properties of undefined (reading 'then')

      90 |         'Authorization': `Token ${token}`,
      91 |       },
    > 92 |     })
         |       ^
      93 |       .then((response) => response.json())
      94 |       .then((data) => {
      95 |         if (data.results) {

      at fetchNotices (src/Main/Main_Component/ClubNotice.js:92:7)
      at src/Main/Main_Component/ClubNotice.js:81:5
      at commitHookEffectListMount (node_modules/react-dom/cjs/react-dom.development.js:23189:26)
      at commitPassiveMountOnFiber (node_modules/react-dom/cjs/react-dom.development.js:24970:11)
      at commitPassiveMountEffects_complete (node_modules/react-dom/cjs/react-dom.development.js:24930:9)
      at commitPassiveMountEffects_begin (node_modules/react-dom/cjs/react-dom.development.js:24917:7)
      at commitPassiveMountEffects (node_modules/react-dom/cjs/react-dom.development.js:24905:3)
      at flushPassiveEffectsImpl (node_modules/react-dom/cjs/react-dom.development.js:27078:3)
      at flushPassiveEffects (node_modules/react-dom/cjs/react-dom.development.js:27023:14)
      at commitRootImpl (node_modules/react-dom/cjs/react-dom.development.js:26974:5)
      at commitRoot (node_modules/react-dom/cjs/react-dom.development.js:26721:5)
      at performSyncWorkOnRoot (node_modules/react-dom/cjs/react-dom.development.js:26156:3)
      at flushSyncCallbacks (node_modules/react-dom/cjs/react-dom.development.js:12042:22)
      at flushActQueue (node_modules/react/cjs/react.development.js:2667:24)
      at recursivelyFlushAsyncActWork (node_modules/react/cjs/react.development.js:2633:9)
      at node_modules/react/cjs/react.development.js:2545:15

PASS src/routes/routes.test.js (7.076 s)
  ● Console

    console.log
      🚀 API Base URL: http://192.168.0.14:8000

      at Object.<anonymous> (src/config/apiConfig.js:25:9)

PASS src/Club/Club_Component/Club_board.test.js (7.444 s)
  ● Console

    console.log
      🚀 API Base URL: http://192.168.0.14:8000

      at Object.<anonymous> (src/config/apiConfig.js:25:9)

PASS src/Header/TopScreen.test.js
PASS src/Mypage/MypageHome.test.js
PASS src/Event/Event_Component/EventList.test.js
  ● Console

    console.error
      Error: Network error

      297 |       return;
      298 |     }
    > 299 |     originalError.call(console, ...args);
          |                   ^
      300 |   };
      301 | });
      302 |

      at console.error (src/setupTests.js:299:19)
      at src/Event/Event_Component/EventList.js:87:17

PASS src/Login/LoginPage.test.js
PASS src/Main/Main_Component/MainPage.test.js
  ● Console

    console.log
      🚀 API Base URL: http://192.168.0.14:8000

      at Object.<anonymous> (src/config/apiConfig.js:25:9)

    console.error
      Error: Uncaught [Error: Element type is invalid: expected a string (for built-in components) or a class/function (for composite components) but got: undefined. You likely forgot to export your component from the file it's defined in, or you might have mixed up default and named imports.
      
      Check the render method of `BannerCarousel`.]
          at reportException (/home/ssj4358/GWNU-WonJu-club/frontend/node_modules/jsdom/lib/jsdom/living/helpers/runtime-script-errors.js:66:24)
          at innerInvokeEventListeners (/home/ssj4358/GWNU-WonJu-club/frontend/node_modules/jsdom/lib/jsdom/living/events/EventTarget-impl.js:341:9)
          at invokeEventListeners (/home/ssj4358/GWNU-WonJu-club/frontend/node_modules/jsdom/lib/jsdom/living/events/EventTarget-impl.js:274:3)
          at HTMLUnknownElementImpl._dispatch (/home/ssj4358/GWNU-WonJu-club/frontend/node_modules/jsdom/lib/jsdom/living/events/EventTarget-impl.js:221:9)
          at HTMLUnknownElementImpl.dispatchEvent (/home/ssj4358/GWNU-WonJu-club/frontend/node_modules/jsdom/lib/jsdom/living/events/EventTarget-impl.js:94:17)
          at HTMLUnknownElement.dispatchEvent (/home/ssj4358/GWNU-WonJu-club/frontend/node_modules/jsdom/lib/jsdom/living/generated/EventTarget.js:231:34)
          at Object.invokeGuardedCallbackDev (/home/ssj4358/GWNU-WonJu-club/frontend/node_modules/react-dom/cjs/react-dom.development.js:4213:16)
          at invokeGuardedCallback (/home/ssj4358/GWNU-WonJu-club/frontend/node_modules/react-dom/cjs/react-dom.development.js:4277:31)
          at beginWork$1 (/home/ssj4358/GWNU-WonJu-club/frontend/node_modules/react-dom/cjs/react-dom.development.js:27490:7)
          at performUnitOfWork (/home/ssj4358/GWNU-WonJu-club/frontend/node_modules/react-dom/cjs/react-dom.development.js:26599:12)
          at workLoopSync (/home/ssj4358/GWNU-WonJu-club/frontend/node_modules/react-dom/cjs/react-dom.development.js:26505:5)
          at renderRootSync (/home/ssj4358/GWNU-WonJu-club/frontend/node_modules/react-dom/cjs/react-dom.development.js:26473:7)
          at performConcurrentWorkOnRoot (/home/ssj4358/GWNU-WonJu-club/frontend/node_modules/react-dom/cjs/react-dom.development.js:25777:74)
          at flushActQueue (/home/ssj4358/GWNU-WonJu-club/frontend/node_modules/react/cjs/react.development.js:2667:24)
          at act (/home/ssj4358/GWNU-WonJu-club/frontend/node_modules/react/cjs/react.development.js:2582:11)
          at /home/ssj4358/GWNU-WonJu-club/frontend/node_modules/@testing-library/react/dist/act-compat.js:47:25
          at renderRoot (/home/ssj4358/GWNU-WonJu-club/frontend/node_modules/@testing-library/react/dist/pure.js:180:26)
          at render (/home/ssj4358/GWNU-WonJu-club/frontend/node_modules/@testing-library/react/dist/pure.js:271:10)
          at Object.<anonymous> (/home/ssj4358/GWNU-WonJu-club/frontend/src/Main/Main_Component/MainPage.test.js:43:13)
          at Promise.then.completed (/home/ssj4358/GWNU-WonJu-club/frontend/node_modules/jest-circus/build/utils.js:391:28)
          at new Promise (<anonymous>)
          at callAsyncCircusFn (/home/ssj4358/GWNU-WonJu-club/frontend/node_modules/jest-circus/build/utils.js:316:10)
          at _callCircusTest (/home/ssj4358/GWNU-WonJu-club/frontend/node_modules/jest-circus/build/run.js:218:40)
          at processTicksAndRejections (node:internal/process/task_queues:95:5)
          at _runTest (/home/ssj4358/GWNU-WonJu-club/frontend/node_modules/jest-circus/build/run.js:155:3)
          at _runTestsForDescribeBlock (/home/ssj4358/GWNU-WonJu-club/frontend/node_modules/jest-circus/build/run.js:66:9)
          at _runTestsForDescribeBlock (/home/ssj4358/GWNU-WonJu-club/frontend/node_modules/jest-circus/build/run.js:60:9)
          at run (/home/ssj4358/GWNU-WonJu-club/frontend/node_modules/jest-circus/build/run.js:25:3)
          at runAndTransformResultsToJestFormat (/home/ssj4358/GWNU-WonJu-club/frontend/node_modules/jest-circus/build/legacy-code-todo-rewrite/jestAdapterInit.js:170:21)
          at jestAdapter (/home/ssj4358/GWNU-WonJu-club/frontend/node_modules/jest-circus/build/legacy-code-todo-rewrite/jestAdapter.js:82:19)
          at runTestInternal (/home/ssj4358/GWNU-WonJu-club/frontend/node_modules/jest-runner/build/runTest.js:389:16)
          at runTest (/home/ssj4358/GWNU-WonJu-club/frontend/node_modules/jest-runner/build/runTest.js:475:34)
          at Object.worker (/home/ssj4358/GWNU-WonJu-club/frontend/node_modules/jest-runner/build/testWorker.js:133:12) Error: Element type is invalid: expected a string (for built-in components) or a class/function (for composite components) but got: undefined. You likely forgot to export your component from the file it's defined in, or you might have mixed up default and named imports.
      
      Check the render method of `BannerCarousel`.
          at createFiberFromTypeAndProps (/home/ssj4358/GWNU-WonJu-club/frontend/node_modules/react-dom/cjs/react-dom.development.js:28478:17)
          at createFiberFromElement (/home/ssj4358/GWNU-WonJu-club/frontend/node_modules/react-dom/cjs/react-dom.development.js:28504:15)
          at createChild (/home/ssj4358/GWNU-WonJu-club/frontend/node_modules/react-dom/cjs/react-dom.development.js:13345:28)
          at reconcileChildrenArray (/home/ssj4358/GWNU-WonJu-club/frontend/node_modules/react-dom/cjs/react-dom.development.js:13640:25)
          at reconcileChildFibers (/home/ssj4358/GWNU-WonJu-club/frontend/node_modules/react-dom/cjs/react-dom.development.js:14057:16)
          at reconcileChildren (/home/ssj4358/GWNU-WonJu-club/frontend/node_modules/react-dom/cjs/react-dom.development.js:19186:28)
          at updateHostComponent (/home/ssj4358/GWNU-WonJu-club/frontend/node_modules/react-dom/cjs/react-dom.development.js:19953:3)
          at beginWork (/home/ssj4358/GWNU-WonJu-club/frontend/node_modules/react-dom/cjs/react-dom.development.js:21657:14)
          at HTMLUnknownElement.callCallback (/home/ssj4358/GWNU-WonJu-club/frontend/node_modules/react-dom/cjs/react-dom.development.js:4164:14)
          at HTMLUnknownElement.callTheUserObjectsOperation (/home/ssj4358/GWNU-WonJu-club/frontend/node_modules/jsdom/lib/jsdom/living/generated/EventListener.js:26:30)
          at innerInvokeEventListeners (/home/ssj4358/GWNU-WonJu-club/frontend/node_modules/jsdom/lib/jsdom/living/events/EventTarget-impl.js:338:25)
          at invokeEventListeners (/home/ssj4358/GWNU-WonJu-club/frontend/node_modules/jsdom/lib/jsdom/living/events/EventTarget-impl.js:274:3)
          at HTMLUnknownElementImpl._dispatch (/home/ssj4358/GWNU-WonJu-club/frontend/node_modules/jsdom/lib/jsdom/living/events/EventTarget-impl.js:221:9)
          at HTMLUnknownElementImpl.dispatchEvent (/home/ssj4358/GWNU-WonJu-club/frontend/node_modules/jsdom/lib/jsdom/living/events/EventTarget-impl.js:94:17)
          at HTMLUnknownElement.dispatchEvent (/home/ssj4358/GWNU-WonJu-club/frontend/node_modules/jsdom/lib/jsdom/living/generated/EventTarget.js:231:34)
          at Object.invokeGuardedCallbackDev (/home/ssj4358/GWNU-WonJu-club/frontend/node_modules/react-dom/cjs/react-dom.development.js:4213:16)
          at invokeGuardedCallback (/home/ssj4358/GWNU-WonJu-club/frontend/node_modules/react-dom/cjs/react-dom.development.js:4277:31)
          at beginWork$1 (/home/ssj4358/GWNU-WonJu-club/frontend/node_modules/react-dom/cjs/react-dom.development.js:27490:7)
          at performUnitOfWork (/home/ssj4358/GWNU-WonJu-club/frontend/node_modules/react-dom/cjs/react-dom.development.js:26599:12)
          at workLoopSync (/home/ssj4358/GWNU-WonJu-club/frontend/node_modules/react-dom/cjs/react-dom.development.js:26505:5)
          at renderRootSync (/home/ssj4358/GWNU-WonJu-club/frontend/node_modules/react-dom/cjs/react-dom.development.js:26473:7)
          at performConcurrentWorkOnRoot (/home/ssj4358/GWNU-WonJu-club/frontend/node_modules/react-dom/cjs/react-dom.development.js:25777:74)
          at flushActQueue (/home/ssj4358/GWNU-WonJu-club/frontend/node_modules/react/cjs/react.development.js:2667:24)
          at act (/home/ssj4358/GWNU-WonJu-club/frontend/node_modules/react/cjs/react.development.js:2582:11)
          at /home/ssj4358/GWNU-WonJu-club/frontend/node_modules/@testing-library/react/dist/act-compat.js:47:25
          at renderRoot (/home/ssj4358/GWNU-WonJu-club/frontend/node_modules/@testing-library/react/dist/pure.js:180:26)
          at render (/home/ssj4358/GWNU-WonJu-club/frontend/node_modules/@testing-library/react/dist/pure.js:271:10)
          at Object.<anonymous> (/home/ssj4358/GWNU-WonJu-club/frontend/src/Main/Main_Component/MainPage.test.js:43:13)
          at Promise.then.completed (/home/ssj4358/GWNU-WonJu-club/frontend/node_modules/jest-circus/build/utils.js:391:28)
          at new Promise (<anonymous>)
          at callAsyncCircusFn (/home/ssj4358/GWNU-WonJu-club/frontend/node_modules/jest-circus/build/utils.js:316:10)
          at _callCircusTest (/home/ssj4358/GWNU-WonJu-club/frontend/node_modules/jest-circus/build/run.js:218:40)
          at processTicksAndRejections (node:internal/process/task_queues:95:5)
          at _runTest (/home/ssj4358/GWNU-WonJu-club/frontend/node_modules/jest-circus/build/run.js:155:3)
          at _runTestsForDescribeBlock (/home/ssj4358/GWNU-WonJu-club/frontend/node_modules/jest-circus/build/run.js:66:9)
          at _runTestsForDescribeBlock (/home/ssj4358/GWNU-WonJu-club/frontend/node_modules/jest-circus/build/run.js:60:9)
          at run (/home/ssj4358/GWNU-WonJu-club/frontend/node_modules/jest-circus/build/run.js:25:3)
          at runAndTransformResultsToJestFormat (/home/ssj4358/GWNU-WonJu-club/frontend/node_modules/jest-circus/build/legacy-code-todo-rewrite/jestAdapterInit.js:170:21)
          at jestAdapter (/home/ssj4358/GWNU-WonJu-club/frontend/node_modules/jest-circus/build/legacy-code-todo-rewrite/jestAdapter.js:82:19)
          at runTestInternal (/home/ssj4358/GWNU-WonJu-club/frontend/node_modules/jest-runner/build/runTest.js:389:16)
          at runTest (/home/ssj4358/GWNU-WonJu-club/frontend/node_modules/jest-runner/build/runTest.js:475:34)
          at Object.worker (/home/ssj4358/GWNU-WonJu-club/frontend/node_modules/jest-runner/build/testWorker.js:133:12)

      297 |       return;
      298 |     }
    > 299 |     originalError.call(console, ...args);
          |                   ^
      300 |   };
      301 | });
      302 |

      at console.error (src/setupTests.js:299:19)
      at VirtualConsole.<anonymous> (node_modules/jsdom/lib/jsdom/virtual-console.js:29:45)
      at reportException (node_modules/jsdom/lib/jsdom/living/helpers/runtime-script-errors.js:70:28)
      at innerInvokeEventListeners (node_modules/jsdom/lib/jsdom/living/events/EventTarget-impl.js:341:9)
      at invokeEventListeners (node_modules/jsdom/lib/jsdom/living/events/EventTarget-impl.js:274:3)
      at HTMLUnknownElementImpl._dispatch (node_modules/jsdom/lib/jsdom/living/events/EventTarget-impl.js:221:9)
      at HTMLUnknownElementImpl.dispatchEvent (node_modules/jsdom/lib/jsdom/living/events/EventTarget-impl.js:94:17)
      at HTMLUnknownElement.dispatchEvent (node_modules/jsdom/lib/jsdom/living/generated/EventTarget.js:231:34)
      at Object.invokeGuardedCallbackDev (node_modules/react-dom/cjs/react-dom.development.js:4213:16)
      at invokeGuardedCallback (node_modules/react-dom/cjs/react-dom.development.js:4277:31)
      at beginWork$1 (node_modules/react-dom/cjs/react-dom.development.js:27490:7)
      at performUnitOfWork (node_modules/react-dom/cjs/react-dom.development.js:26599:12)
      at workLoopSync (node_modules/react-dom/cjs/react-dom.development.js:26505:5)
      at renderRootSync (node_modules/react-dom/cjs/react-dom.development.js:26473:7)
      at performConcurrentWorkOnRoot (node_modules/react-dom/cjs/react-dom.development.js:25777:74)
      at flushActQueue (node_modules/react/cjs/react.development.js:2667:24)
      at act (node_modules/react/cjs/react.development.js:2582:11)
      at node_modules/@testing-library/react/dist/act-compat.js:47:25
      at renderRoot (node_modules/@testing-library/react/dist/pure.js:180:26)
      at render (node_modules/@testing-library/react/dist/pure.js:271:10)
      at Object.<anonymous> (src/Main/Main_Component/MainPage.test.js:43:13)

    console.error
      Error: Uncaught [Error: Element type is invalid: expected a string (for built-in components) or a class/function (for composite components) but got: undefined. You likely forgot to export your component from the file it's defined in, or you might have mixed up default and named imports.
      
      Check the render method of `BannerCarousel`.]
          at reportException (/home/ssj4358/GWNU-WonJu-club/frontend/node_modules/jsdom/lib/jsdom/living/helpers/runtime-script-errors.js:66:24)
          at innerInvokeEventListeners (/home/ssj4358/GWNU-WonJu-club/frontend/node_modules/jsdom/lib/jsdom/living/events/EventTarget-impl.js:341:9)
          at invokeEventListeners (/home/ssj4358/GWNU-WonJu-club/frontend/node_modules/jsdom/lib/jsdom/living/events/EventTarget-impl.js:274:3)
          at HTMLUnknownElementImpl._dispatch (/home/ssj4358/GWNU-WonJu-club/frontend/node_modules/jsdom/lib/jsdom/living/events/EventTarget-impl.js:221:9)
          at HTMLUnknownElementImpl.dispatchEvent (/home/ssj4358/GWNU-WonJu-club/frontend/node_modules/jsdom/lib/jsdom/living/events/EventTarget-impl.js:94:17)
          at HTMLUnknownElement.dispatchEvent (/home/ssj4358/GWNU-WonJu-club/frontend/node_modules/jsdom/lib/jsdom/living/generated/EventTarget.js:231:34)
          at Object.invokeGuardedCallbackDev (/home/ssj4358/GWNU-WonJu-club/frontend/node_modules/react-dom/cjs/react-dom.development.js:4213:16)
          at invokeGuardedCallback (/home/ssj4358/GWNU-WonJu-club/frontend/node_modules/react-dom/cjs/react-dom.development.js:4277:31)
          at beginWork$1 (/home/ssj4358/GWNU-WonJu-club/frontend/node_modules/react-dom/cjs/react-dom.development.js:27490:7)
          at performUnitOfWork (/home/ssj4358/GWNU-WonJu-club/frontend/node_modules/react-dom/cjs/react-dom.development.js:26599:12)
          at workLoopSync (/home/ssj4358/GWNU-WonJu-club/frontend/node_modules/react-dom/cjs/react-dom.development.js:26505:5)
          at renderRootSync (/home/ssj4358/GWNU-WonJu-club/frontend/node_modules/react-dom/cjs/react-dom.development.js:26473:7)
          at recoverFromConcurrentError (/home/ssj4358/GWNU-WonJu-club/frontend/node_modules/react-dom/cjs/react-dom.development.js:25889:20)
          at performConcurrentWorkOnRoot (/home/ssj4358/GWNU-WonJu-club/frontend/node_modules/react-dom/cjs/react-dom.development.js:25789:22)
          at flushActQueue (/home/ssj4358/GWNU-WonJu-club/frontend/node_modules/react/cjs/react.development.js:2667:24)
          at act (/home/ssj4358/GWNU-WonJu-club/frontend/node_modules/react/cjs/react.development.js:2582:11)
          at /home/ssj4358/GWNU-WonJu-club/frontend/node_modules/@testing-library/react/dist/act-compat.js:47:25
          at renderRoot (/home/ssj4358/GWNU-WonJu-club/frontend/node_modules/@testing-library/react/dist/pure.js:180:26)
          at render (/home/ssj4358/GWNU-WonJu-club/frontend/node_modules/@testing-library/react/dist/pure.js:271:10)
          at Object.<anonymous> (/home/ssj4358/GWNU-WonJu-club/frontend/src/Main/Main_Component/MainPage.test.js:43:13)
          at Promise.then.completed (/home/ssj4358/GWNU-WonJu-club/frontend/node_modules/jest-circus/build/utils.js:391:28)
          at new Promise (<anonymous>)
          at callAsyncCircusFn (/home/ssj4358/GWNU-WonJu-club/frontend/node_modules/jest-circus/build/utils.js:316:10)
          at _callCircusTest (/home/ssj4358/GWNU-WonJu-club/frontend/node_modules/jest-circus/build/run.js:218:40)
          at processTicksAndRejections (node:internal/process/task_queues:95:5)
          at _runTest (/home/ssj4358/GWNU-WonJu-club/frontend/node_modules/jest-circus/build/run.js:155:3)
          at _runTestsForDescribeBlock (/home/ssj4358/GWNU-WonJu-club/frontend/node_modules/jest-circus/build/run.js:66:9)
          at _runTestsForDescribeBlock (/home/ssj4358/GWNU-WonJu-club/frontend/node_modules/jest-circus/build/run.js:60:9)
          at run (/home/ssj4358/GWNU-WonJu-club/frontend/node_modules/jest-circus/build/run.js:25:3)
          at runAndTransformResultsToJestFormat (/home/ssj4358/GWNU-WonJu-club/frontend/node_modules/jest-circus/build/legacy-code-todo-rewrite/jestAdapterInit.js:170:21)
          at jestAdapter (/home/ssj4358/GWNU-WonJu-club/frontend/node_modules/jest-circus/build/legacy-code-todo-rewrite/jestAdapter.js:82:19)
          at runTestInternal (/home/ssj4358/GWNU-WonJu-club/frontend/node_modules/jest-runner/build/runTest.js:389:16)
          at runTest (/home/ssj4358/GWNU-WonJu-club/frontend/node_modules/jest-runner/build/runTest.js:475:34)
          at Object.worker (/home/ssj4358/GWNU-WonJu-club/frontend/node_modules/jest-runner/build/testWorker.js:133:12) Error: Element type is invalid: expected a string (for built-in components) or a class/function (for composite components) but got: undefined. You likely forgot to export your component from the file it's defined in, or you might have mixed up default and named imports.
      
      Check the render method of `BannerCarousel`.
          at createFiberFromTypeAndProps (/home/ssj4358/GWNU-WonJu-club/frontend/node_modules/react-dom/cjs/react-dom.development.js:28478:17)
          at createFiberFromElement (/home/ssj4358/GWNU-WonJu-club/frontend/node_modules/react-dom/cjs/react-dom.development.js:28504:15)
          at createChild (/home/ssj4358/GWNU-WonJu-club/frontend/node_modules/react-dom/cjs/react-dom.development.js:13345:28)
          at reconcileChildrenArray (/home/ssj4358/GWNU-WonJu-club/frontend/node_modules/react-dom/cjs/react-dom.development.js:13640:25)
          at reconcileChildFibers (/home/ssj4358/GWNU-WonJu-club/frontend/node_modules/react-dom/cjs/react-dom.development.js:14057:16)
          at reconcileChildren (/home/ssj4358/GWNU-WonJu-club/frontend/node_modules/react-dom/cjs/react-dom.development.js:19186:28)
          at updateHostComponent (/home/ssj4358/GWNU-WonJu-club/frontend/node_modules/react-dom/cjs/react-dom.development.js:19953:3)
          at beginWork (/home/ssj4358/GWNU-WonJu-club/frontend/node_modules/react-dom/cjs/react-dom.development.js:21657:14)
          at HTMLUnknownElement.callCallback (/home/ssj4358/GWNU-WonJu-club/frontend/node_modules/react-dom/cjs/react-dom.development.js:4164:14)
          at HTMLUnknownElement.callTheUserObjectsOperation (/home/ssj4358/GWNU-WonJu-club/frontend/node_modules/jsdom/lib/jsdom/living/generated/EventListener.js:26:30)
          at innerInvokeEventListeners (/home/ssj4358/GWNU-WonJu-club/frontend/node_modules/jsdom/lib/jsdom/living/events/EventTarget-impl.js:338:25)
          at invokeEventListeners (/home/ssj4358/GWNU-WonJu-club/frontend/node_modules/jsdom/lib/jsdom/living/events/EventTarget-impl.js:274:3)
          at HTMLUnknownElementImpl._dispatch (/home/ssj4358/GWNU-WonJu-club/frontend/node_modules/jsdom/lib/jsdom/living/events/EventTarget-impl.js:221:9)
          at HTMLUnknownElementImpl.dispatchEvent (/home/ssj4358/GWNU-WonJu-club/frontend/node_modules/jsdom/lib/jsdom/living/events/EventTarget-impl.js:94:17)
          at HTMLUnknownElement.dispatchEvent (/home/ssj4358/GWNU-WonJu-club/frontend/node_modules/jsdom/lib/jsdom/living/generated/EventTarget.js:231:34)
          at Object.invokeGuardedCallbackDev (/home/ssj4358/GWNU-WonJu-club/frontend/node_modules/react-dom/cjs/react-dom.development.js:4213:16)
          at invokeGuardedCallback (/home/ssj4358/GWNU-WonJu-club/frontend/node_modules/react-dom/cjs/react-dom.development.js:4277:31)
          at beginWork$1 (/home/ssj4358/GWNU-WonJu-club/frontend/node_modules/react-dom/cjs/react-dom.development.js:27490:7)
          at performUnitOfWork (/home/ssj4358/GWNU-WonJu-club/frontend/node_modules/react-dom/cjs/react-dom.development.js:26599:12)
          at workLoopSync (/home/ssj4358/GWNU-WonJu-club/frontend/node_modules/react-dom/cjs/react-dom.development.js:26505:5)
          at renderRootSync (/home/ssj4358/GWNU-WonJu-club/frontend/node_modules/react-dom/cjs/react-dom.development.js:26473:7)
          at recoverFromConcurrentError (/home/ssj4358/GWNU-WonJu-club/frontend/node_modules/react-dom/cjs/react-dom.development.js:25889:20)
          at performConcurrentWorkOnRoot (/home/ssj4358/GWNU-WonJu-club/frontend/node_modules/react-dom/cjs/react-dom.development.js:25789:22)
          at flushActQueue (/home/ssj4358/GWNU-WonJu-club/frontend/node_modules/react/cjs/react.development.js:2667:24)
          at act (/home/ssj4358/GWNU-WonJu-club/frontend/node_modules/react/cjs/react.development.js:2582:11)
          at /home/ssj4358/GWNU-WonJu-club/frontend/node_modules/@testing-library/react/dist/act-compat.js:47:25
          at renderRoot (/home/ssj4358/GWNU-WonJu-club/frontend/node_modules/@testing-library/react/dist/pure.js:180:26)
          at render (/home/ssj4358/GWNU-WonJu-club/frontend/node_modules/@testing-library/react/dist/pure.js:271:10)
          at Object.<anonymous> (/home/ssj4358/GWNU-WonJu-club/frontend/src/Main/Main_Component/MainPage.test.js:43:13)
          at Promise.then.completed (/home/ssj4358/GWNU-WonJu-club/frontend/node_modules/jest-circus/build/utils.js:391:28)
          at new Promise (<anonymous>)
          at callAsyncCircusFn (/home/ssj4358/GWNU-WonJu-club/frontend/node_modules/jest-circus/build/utils.js:316:10)
          at _callCircusTest (/home/ssj4358/GWNU-WonJu-club/frontend/node_modules/jest-circus/build/run.js:218:40)
          at processTicksAndRejections (node:internal/process/task_queues:95:5)
          at _runTest (/home/ssj4358/GWNU-WonJu-club/frontend/node_modules/jest-circus/build/run.js:155:3)
          at _runTestsForDescribeBlock (/home/ssj4358/GWNU-WonJu-club/frontend/node_modules/jest-circus/build/run.js:66:9)
          at _runTestsForDescribeBlock (/home/ssj4358/GWNU-WonJu-club/frontend/node_modules/jest-circus/build/run.js:60:9)
          at run (/home/ssj4358/GWNU-WonJu-club/frontend/node_modules/jest-circus/build/run.js:25:3)
          at runAndTransformResultsToJestFormat (/home/ssj4358/GWNU-WonJu-club/frontend/node_modules/jest-circus/build/legacy-code-todo-rewrite/jestAdapterInit.js:170:21)
          at jestAdapter (/home/ssj4358/GWNU-WonJu-club/frontend/node_modules/jest-circus/build/legacy-code-todo-rewrite/jestAdapter.js:82:19)
          at runTestInternal (/home/ssj4358/GWNU-WonJu-club/frontend/node_modules/jest-runner/build/runTest.js:389:16)
          at runTest (/home/ssj4358/GWNU-WonJu-club/frontend/node_modules/jest-runner/build/runTest.js:475:34)
          at Object.worker (/home/ssj4358/GWNU-WonJu-club/frontend/node_modules/jest-runner/build/testWorker.js:133:12)

      297 |       return;
      298 |     }
    > 299 |     originalError.call(console, ...args);
          |                   ^
      300 |   };
      301 | });
      302 |

      at console.error (src/setupTests.js:299:19)
      at VirtualConsole.<anonymous> (node_modules/jsdom/lib/jsdom/virtual-console.js:29:45)
      at reportException (node_modules/jsdom/lib/jsdom/living/helpers/runtime-script-errors.js:70:28)
      at innerInvokeEventListeners (node_modules/jsdom/lib/jsdom/living/events/EventTarget-impl.js:341:9)
      at invokeEventListeners (node_modules/jsdom/lib/jsdom/living/events/EventTarget-impl.js:274:3)
      at HTMLUnknownElementImpl._dispatch (node_modules/jsdom/lib/jsdom/living/events/EventTarget-impl.js:221:9)
      at HTMLUnknownElementImpl.dispatchEvent (node_modules/jsdom/lib/jsdom/living/events/EventTarget-impl.js:94:17)
      at HTMLUnknownElement.dispatchEvent (node_modules/jsdom/lib/jsdom/living/generated/EventTarget.js:231:34)
      at Object.invokeGuardedCallbackDev (node_modules/react-dom/cjs/react-dom.development.js:4213:16)
      at invokeGuardedCallback (node_modules/react-dom/cjs/react-dom.development.js:4277:31)
      at beginWork$1 (node_modules/react-dom/cjs/react-dom.development.js:27490:7)
      at performUnitOfWork (node_modules/react-dom/cjs/react-dom.development.js:26599:12)
      at workLoopSync (node_modules/react-dom/cjs/react-dom.development.js:26505:5)
      at renderRootSync (node_modules/react-dom/cjs/react-dom.development.js:26473:7)
      at recoverFromConcurrentError (node_modules/react-dom/cjs/react-dom.development.js:25889:20)
      at performConcurrentWorkOnRoot (node_modules/react-dom/cjs/react-dom.development.js:25789:22)
      at flushActQueue (node_modules/react/cjs/react.development.js:2667:24)
      at act (node_modules/react/cjs/react.development.js:2582:11)
      at node_modules/@testing-library/react/dist/act-compat.js:47:25
      at renderRoot (node_modules/@testing-library/react/dist/pure.js:180:26)
      at render (node_modules/@testing-library/react/dist/pure.js:271:10)
      at Object.<anonymous> (src/Main/Main_Component/MainPage.test.js:43:13)

PASS src/Club/Club_Component/Club_event.test.js
  ● Console

    console.log
      🚀 API Base URL: http://192.168.0.14:8000

      at Object.<anonymous> (src/config/apiConfig.js:25:9)

    console.error
      Error fetching events: TypeError: Cannot read properties of undefined (reading 'data')
          at fetchEvents (/home/ssj4358/GWNU-WonJu-club/frontend/src/Club/Club_Component/Club_event.js:28:28)
          at processTicksAndRejections (node:internal/process/task_queues:95:5)

      297 |       return;
      298 |     }
    > 299 |     originalError.call(console, ...args);
          |                   ^
      300 |   };
      301 | });
      302 |

      at console.error (src/setupTests.js:299:19)
      at fetchEvents (src/Club/Club_Component/Club_event.js:30:17)

PASS src/Board/free_posts/free_posts_Component/PostForm.test.js
  ● Console

    console.log
      🚀 API Base URL: http://192.168.0.14:8000

      at Object.<anonymous> (src/config/apiConfig.js:25:9)

    console.error
      Error: Uncaught [TypeError: Cannot destructure property 'mode' of '((cov_1gthc6eqmc(...).s[2]++) , location.state)' as it is null.]
          at reportException (/home/ssj4358/GWNU-WonJu-club/frontend/node_modules/jsdom/lib/jsdom/living/helpers/runtime-script-errors.js:66:24)
          at innerInvokeEventListeners (/home/ssj4358/GWNU-WonJu-club/frontend/node_modules/jsdom/lib/jsdom/living/events/EventTarget-impl.js:341:9)
          at invokeEventListeners (/home/ssj4358/GWNU-WonJu-club/frontend/node_modules/jsdom/lib/jsdom/living/events/EventTarget-impl.js:274:3)
          at HTMLUnknownElementImpl._dispatch (/home/ssj4358/GWNU-WonJu-club/frontend/node_modules/jsdom/lib/jsdom/living/events/EventTarget-impl.js:221:9)
          at HTMLUnknownElementImpl.dispatchEvent (/home/ssj4358/GWNU-WonJu-club/frontend/node_modules/jsdom/lib/jsdom/living/events/EventTarget-impl.js:94:17)
          at HTMLUnknownElement.dispatchEvent (/home/ssj4358/GWNU-WonJu-club/frontend/node_modules/jsdom/lib/jsdom/living/generated/EventTarget.js:231:34)
          at Object.invokeGuardedCallbackDev (/home/ssj4358/GWNU-WonJu-club/frontend/node_modules/react-dom/cjs/react-dom.development.js:4213:16)
          at invokeGuardedCallback (/home/ssj4358/GWNU-WonJu-club/frontend/node_modules/react-dom/cjs/react-dom.development.js:4277:31)
          at beginWork$1 (/home/ssj4358/GWNU-WonJu-club/frontend/node_modules/react-dom/cjs/react-dom.development.js:27490:7)
          at performUnitOfWork (/home/ssj4358/GWNU-WonJu-club/frontend/node_modules/react-dom/cjs/react-dom.development.js:26599:12)
          at workLoopSync (/home/ssj4358/GWNU-WonJu-club/frontend/node_modules/react-dom/cjs/react-dom.development.js:26505:5)
          at renderRootSync (/home/ssj4358/GWNU-WonJu-club/frontend/node_modules/react-dom/cjs/react-dom.development.js:26473:7)
          at performConcurrentWorkOnRoot (/home/ssj4358/GWNU-WonJu-club/frontend/node_modules/react-dom/cjs/react-dom.development.js:25777:74)
          at flushActQueue (/home/ssj4358/GWNU-WonJu-club/frontend/node_modules/react/cjs/react.development.js:2667:24)
          at act (/home/ssj4358/GWNU-WonJu-club/frontend/node_modules/react/cjs/react.development.js:2582:11)
          at /home/ssj4358/GWNU-WonJu-club/frontend/node_modules/@testing-library/react/dist/act-compat.js:47:25
          at renderRoot (/home/ssj4358/GWNU-WonJu-club/frontend/node_modules/@testing-library/react/dist/pure.js:180:26)
          at render (/home/ssj4358/GWNU-WonJu-club/frontend/node_modules/@testing-library/react/dist/pure.js:271:10)
          at Object.<anonymous> (/home/ssj4358/GWNU-WonJu-club/frontend/src/Board/free_posts/free_posts_Component/PostForm.test.js:43:13)
          at Promise.then.completed (/home/ssj4358/GWNU-WonJu-club/frontend/node_modules/jest-circus/build/utils.js:391:28)
          at new Promise (<anonymous>)
          at callAsyncCircusFn (/home/ssj4358/GWNU-WonJu-club/frontend/node_modules/jest-circus/build/utils.js:316:10)
          at _callCircusTest (/home/ssj4358/GWNU-WonJu-club/frontend/node_modules/jest-circus/build/run.js:218:40)
          at processTicksAndRejections (node:internal/process/task_queues:95:5)
          at _runTest (/home/ssj4358/GWNU-WonJu-club/frontend/node_modules/jest-circus/build/run.js:155:3)
          at _runTestsForDescribeBlock (/home/ssj4358/GWNU-WonJu-club/frontend/node_modules/jest-circus/build/run.js:66:9)
          at _runTestsForDescribeBlock (/home/ssj4358/GWNU-WonJu-club/frontend/node_modules/jest-circus/build/run.js:60:9)
          at run (/home/ssj4358/GWNU-WonJu-club/frontend/node_modules/jest-circus/build/run.js:25:3)
          at runAndTransformResultsToJestFormat (/home/ssj4358/GWNU-WonJu-club/frontend/node_modules/jest-circus/build/legacy-code-todo-rewrite/jestAdapterInit.js:170:21)
          at jestAdapter (/home/ssj4358/GWNU-WonJu-club/frontend/node_modules/jest-circus/build/legacy-code-todo-rewrite/jestAdapter.js:82:19)
          at runTestInternal (/home/ssj4358/GWNU-WonJu-club/frontend/node_modules/jest-runner/build/runTest.js:389:16)
          at runTest (/home/ssj4358/GWNU-WonJu-club/frontend/node_modules/jest-runner/build/runTest.js:475:34)
          at Object.worker (/home/ssj4358/GWNU-WonJu-club/frontend/node_modules/jest-runner/build/testWorker.js:133:12) TypeError: Cannot destructure property 'mode' of '((cov_1gthc6eqmc(...).s[2]++) , location.state)' as it is null.
          at PostForm (/home/ssj4358/GWNU-WonJu-club/frontend/src/Board/free_posts/free_posts_Component/PostForm.js:7:11)
          at renderWithHooks (/home/ssj4358/GWNU-WonJu-club/frontend/node_modules/react-dom/cjs/react-dom.development.js:15486:18)
          at mountIndeterminateComponent (/home/ssj4358/GWNU-WonJu-club/frontend/node_modules/react-dom/cjs/react-dom.development.js:20103:13)
          at beginWork (/home/ssj4358/GWNU-WonJu-club/frontend/node_modules/react-dom/cjs/react-dom.development.js:21626:16)
          at HTMLUnknownElement.callCallback (/home/ssj4358/GWNU-WonJu-club/frontend/node_modules/react-dom/cjs/react-dom.development.js:4164:14)
          at HTMLUnknownElement.callTheUserObjectsOperation (/home/ssj4358/GWNU-WonJu-club/frontend/node_modules/jsdom/lib/jsdom/living/generated/EventListener.js:26:30)
          at innerInvokeEventListeners (/home/ssj4358/GWNU-WonJu-club/frontend/node_modules/jsdom/lib/jsdom/living/events/EventTarget-impl.js:338:25)
          at invokeEventListeners (/home/ssj4358/GWNU-WonJu-club/frontend/node_modules/jsdom/lib/jsdom/living/events/EventTarget-impl.js:274:3)
          at HTMLUnknownElementImpl._dispatch (/home/ssj4358/GWNU-WonJu-club/frontend/node_modules/jsdom/lib/jsdom/living/events/EventTarget-impl.js:221:9)
          at HTMLUnknownElementImpl.dispatchEvent (/home/ssj4358/GWNU-WonJu-club/frontend/node_modules/jsdom/lib/jsdom/living/events/EventTarget-impl.js:94:17)
          at HTMLUnknownElement.dispatchEvent (/home/ssj4358/GWNU-WonJu-club/frontend/node_modules/jsdom/lib/jsdom/living/generated/EventTarget.js:231:34)
          at Object.invokeGuardedCallbackDev (/home/ssj4358/GWNU-WonJu-club/frontend/node_modules/react-dom/cjs/react-dom.development.js:4213:16)
          at invokeGuardedCallback (/home/ssj4358/GWNU-WonJu-club/frontend/node_modules/react-dom/cjs/react-dom.development.js:4277:31)
          at beginWork$1 (/home/ssj4358/GWNU-WonJu-club/frontend/node_modules/react-dom/cjs/react-dom.development.js:27490:7)
          at performUnitOfWork (/home/ssj4358/GWNU-WonJu-club/frontend/node_modules/react-dom/cjs/react-dom.development.js:26599:12)
          at workLoopSync (/home/ssj4358/GWNU-WonJu-club/frontend/node_modules/react-dom/cjs/react-dom.development.js:26505:5)
          at renderRootSync (/home/ssj4358/GWNU-WonJu-club/frontend/node_modules/react-dom/cjs/react-dom.development.js:26473:7)
          at performConcurrentWorkOnRoot (/home/ssj4358/GWNU-WonJu-club/frontend/node_modules/react-dom/cjs/react-dom.development.js:25777:74)
          at flushActQueue (/home/ssj4358/GWNU-WonJu-club/frontend/node_modules/react/cjs/react.development.js:2667:24)
          at act (/home/ssj4358/GWNU-WonJu-club/frontend/node_modules/react/cjs/react.development.js:2582:11)
          at /home/ssj4358/GWNU-WonJu-club/frontend/node_modules/@testing-library/react/dist/act-compat.js:47:25
          at renderRoot (/home/ssj4358/GWNU-WonJu-club/frontend/node_modules/@testing-library/react/dist/pure.js:180:26)
          at render (/home/ssj4358/GWNU-WonJu-club/frontend/node_modules/@testing-library/react/dist/pure.js:271:10)
          at Object.<anonymous> (/home/ssj4358/GWNU-WonJu-club/frontend/src/Board/free_posts/free_posts_Component/PostForm.test.js:43:13)
          at Promise.then.completed (/home/ssj4358/GWNU-WonJu-club/frontend/node_modules/jest-circus/build/utils.js:391:28)
          at new Promise (<anonymous>)
          at callAsyncCircusFn (/home/ssj4358/GWNU-WonJu-club/frontend/node_modules/jest-circus/build/utils.js:316:10)
          at _callCircusTest (/home/ssj4358/GWNU-WonJu-club/frontend/node_modules/jest-circus/build/run.js:218:40)
          at processTicksAndRejections (node:internal/process/task_queues:95:5)
          at _runTest (/home/ssj4358/GWNU-WonJu-club/frontend/node_modules/jest-circus/build/run.js:155:3)
          at _runTestsForDescribeBlock (/home/ssj4358/GWNU-WonJu-club/frontend/node_modules/jest-circus/build/run.js:66:9)
          at _runTestsForDescribeBlock (/home/ssj4358/GWNU-WonJu-club/frontend/node_modules/jest-circus/build/run.js:60:9)
          at run (/home/ssj4358/GWNU-WonJu-club/frontend/node_modules/jest-circus/build/run.js:25:3)
          at runAndTransformResultsToJestFormat (/home/ssj4358/GWNU-WonJu-club/frontend/node_modules/jest-circus/build/legacy-code-todo-rewrite/jestAdapterInit.js:170:21)
          at jestAdapter (/home/ssj4358/GWNU-WonJu-club/frontend/node_modules/jest-circus/build/legacy-code-todo-rewrite/jestAdapter.js:82:19)
          at runTestInternal (/home/ssj4358/GWNU-WonJu-club/frontend/node_modules/jest-runner/build/runTest.js:389:16)
          at runTest (/home/ssj4358/GWNU-WonJu-club/frontend/node_modules/jest-runner/build/runTest.js:475:34)
          at Object.worker (/home/ssj4358/GWNU-WonJu-club/frontend/node_modules/jest-runner/build/testWorker.js:133:12)

      297 |       return;
      298 |     }
    > 299 |     originalError.call(console, ...args);
          |                   ^
      300 |   };
      301 | });
      302 |

      at console.error (src/setupTests.js:299:19)
      at VirtualConsole.<anonymous> (node_modules/jsdom/lib/jsdom/virtual-console.js:29:45)
      at reportException (node_modules/jsdom/lib/jsdom/living/helpers/runtime-script-errors.js:70:28)
      at innerInvokeEventListeners (node_modules/jsdom/lib/jsdom/living/events/EventTarget-impl.js:341:9)
      at invokeEventListeners (node_modules/jsdom/lib/jsdom/living/events/EventTarget-impl.js:274:3)
      at HTMLUnknownElementImpl._dispatch (node_modules/jsdom/lib/jsdom/living/events/EventTarget-impl.js:221:9)
      at HTMLUnknownElementImpl.dispatchEvent (node_modules/jsdom/lib/jsdom/living/events/EventTarget-impl.js:94:17)
      at HTMLUnknownElement.dispatchEvent (node_modules/jsdom/lib/jsdom/living/generated/EventTarget.js:231:34)
      at Object.invokeGuardedCallbackDev (node_modules/react-dom/cjs/react-dom.development.js:4213:16)
      at invokeGuardedCallback (node_modules/react-dom/cjs/react-dom.development.js:4277:31)
      at beginWork$1 (node_modules/react-dom/cjs/react-dom.development.js:27490:7)
      at performUnitOfWork (node_modules/react-dom/cjs/react-dom.development.js:26599:12)
      at workLoopSync (node_modules/react-dom/cjs/react-dom.development.js:26505:5)
      at renderRootSync (node_modules/react-dom/cjs/react-dom.development.js:26473:7)
      at performConcurrentWorkOnRoot (node_modules/react-dom/cjs/react-dom.development.js:25777:74)
      at flushActQueue (node_modules/react/cjs/react.development.js:2667:24)
      at act (node_modules/react/cjs/react.development.js:2582:11)
      at node_modules/@testing-library/react/dist/act-compat.js:47:25
      at renderRoot (node_modules/@testing-library/react/dist/pure.js:180:26)
      at render (node_modules/@testing-library/react/dist/pure.js:271:10)
      at Object.<anonymous> (src/Board/free_posts/free_posts_Component/PostForm.test.js:43:13)

    console.error
      Error: Uncaught [TypeError: Cannot destructure property 'mode' of '((cov_1gthc6eqmc(...).s[2]++) , location.state)' as it is null.]
          at reportException (/home/ssj4358/GWNU-WonJu-club/frontend/node_modules/jsdom/lib/jsdom/living/helpers/runtime-script-errors.js:66:24)
          at innerInvokeEventListeners (/home/ssj4358/GWNU-WonJu-club/frontend/node_modules/jsdom/lib/jsdom/living/events/EventTarget-impl.js:341:9)
          at invokeEventListeners (/home/ssj4358/GWNU-WonJu-club/frontend/node_modules/jsdom/lib/jsdom/living/events/EventTarget-impl.js:274:3)
          at HTMLUnknownElementImpl._dispatch (/home/ssj4358/GWNU-WonJu-club/frontend/node_modules/jsdom/lib/jsdom/living/events/EventTarget-impl.js:221:9)
          at HTMLUnknownElementImpl.dispatchEvent (/home/ssj4358/GWNU-WonJu-club/frontend/node_modules/jsdom/lib/jsdom/living/events/EventTarget-impl.js:94:17)
          at HTMLUnknownElement.dispatchEvent (/home/ssj4358/GWNU-WonJu-club/frontend/node_modules/jsdom/lib/jsdom/living/generated/EventTarget.js:231:34)
          at Object.invokeGuardedCallbackDev (/home/ssj4358/GWNU-WonJu-club/frontend/node_modules/react-dom/cjs/react-dom.development.js:4213:16)
          at invokeGuardedCallback (/home/ssj4358/GWNU-WonJu-club/frontend/node_modules/react-dom/cjs/react-dom.development.js:4277:31)
          at beginWork$1 (/home/ssj4358/GWNU-WonJu-club/frontend/node_modules/react-dom/cjs/react-dom.development.js:27490:7)
          at performUnitOfWork (/home/ssj4358/GWNU-WonJu-club/frontend/node_modules/react-dom/cjs/react-dom.development.js:26599:12)
          at workLoopSync (/home/ssj4358/GWNU-WonJu-club/frontend/node_modules/react-dom/cjs/react-dom.development.js:26505:5)
          at renderRootSync (/home/ssj4358/GWNU-WonJu-club/frontend/node_modules/react-dom/cjs/react-dom.development.js:26473:7)
          at recoverFromConcurrentError (/home/ssj4358/GWNU-WonJu-club/frontend/node_modules/react-dom/cjs/react-dom.development.js:25889:20)
          at performConcurrentWorkOnRoot (/home/ssj4358/GWNU-WonJu-club/frontend/node_modules/react-dom/cjs/react-dom.development.js:25789:22)
          at flushActQueue (/home/ssj4358/GWNU-WonJu-club/frontend/node_modules/react/cjs/react.development.js:2667:24)
          at act (/home/ssj4358/GWNU-WonJu-club/frontend/node_modules/react/cjs/react.development.js:2582:11)
          at /home/ssj4358/GWNU-WonJu-club/frontend/node_modules/@testing-library/react/dist/act-compat.js:47:25
          at renderRoot (/home/ssj4358/GWNU-WonJu-club/frontend/node_modules/@testing-library/react/dist/pure.js:180:26)
          at render (/home/ssj4358/GWNU-WonJu-club/frontend/node_modules/@testing-library/react/dist/pure.js:271:10)
          at Object.<anonymous> (/home/ssj4358/GWNU-WonJu-club/frontend/src/Board/free_posts/free_posts_Component/PostForm.test.js:43:13)
          at Promise.then.completed (/home/ssj4358/GWNU-WonJu-club/frontend/node_modules/jest-circus/build/utils.js:391:28)
          at new Promise (<anonymous>)
          at callAsyncCircusFn (/home/ssj4358/GWNU-WonJu-club/frontend/node_modules/jest-circus/build/utils.js:316:10)
          at _callCircusTest (/home/ssj4358/GWNU-WonJu-club/frontend/node_modules/jest-circus/build/run.js:218:40)
          at processTicksAndRejections (node:internal/process/task_queues:95:5)
          at _runTest (/home/ssj4358/GWNU-WonJu-club/frontend/node_modules/jest-circus/build/run.js:155:3)
          at _runTestsForDescribeBlock (/home/ssj4358/GWNU-WonJu-club/frontend/node_modules/jest-circus/build/run.js:66:9)
          at _runTestsForDescribeBlock (/home/ssj4358/GWNU-WonJu-club/frontend/node_modules/jest-circus/build/run.js:60:9)
          at run (/home/ssj4358/GWNU-WonJu-club/frontend/node_modules/jest-circus/build/run.js:25:3)
          at runAndTransformResultsToJestFormat (/home/ssj4358/GWNU-WonJu-club/frontend/node_modules/jest-circus/build/legacy-code-todo-rewrite/jestAdapterInit.js:170:21)
          at jestAdapter (/home/ssj4358/GWNU-WonJu-club/frontend/node_modules/jest-circus/build/legacy-code-todo-rewrite/jestAdapter.js:82:19)
          at runTestInternal (/home/ssj4358/GWNU-WonJu-club/frontend/node_modules/jest-runner/build/runTest.js:389:16)
          at runTest (/home/ssj4358/GWNU-WonJu-club/frontend/node_modules/jest-runner/build/runTest.js:475:34)
          at Object.worker (/home/ssj4358/GWNU-WonJu-club/frontend/node_modules/jest-runner/build/testWorker.js:133:12) TypeError: Cannot destructure property 'mode' of '((cov_1gthc6eqmc(...).s[2]++) , location.state)' as it is null.
          at PostForm (/home/ssj4358/GWNU-WonJu-club/frontend/src/Board/free_posts/free_posts_Component/PostForm.js:7:11)
          at renderWithHooks (/home/ssj4358/GWNU-WonJu-club/frontend/node_modules/react-dom/cjs/react-dom.development.js:15486:18)
          at mountIndeterminateComponent (/home/ssj4358/GWNU-WonJu-club/frontend/node_modules/react-dom/cjs/react-dom.development.js:20103:13)
          at beginWork (/home/ssj4358/GWNU-WonJu-club/frontend/node_modules/react-dom/cjs/react-dom.development.js:21626:16)
          at HTMLUnknownElement.callCallback (/home/ssj4358/GWNU-WonJu-club/frontend/node_modules/react-dom/cjs/react-dom.development.js:4164:14)
          at HTMLUnknownElement.callTheUserObjectsOperation (/home/ssj4358/GWNU-WonJu-club/frontend/node_modules/jsdom/lib/jsdom/living/generated/EventListener.js:26:30)
          at innerInvokeEventListeners (/home/ssj4358/GWNU-WonJu-club/frontend/node_modules/jsdom/lib/jsdom/living/events/EventTarget-impl.js:338:25)
          at invokeEventListeners (/home/ssj4358/GWNU-WonJu-club/frontend/node_modules/jsdom/lib/jsdom/living/events/EventTarget-impl.js:274:3)
          at HTMLUnknownElementImpl._dispatch (/home/ssj4358/GWNU-WonJu-club/frontend/node_modules/jsdom/lib/jsdom/living/events/EventTarget-impl.js:221:9)
          at HTMLUnknownElementImpl.dispatchEvent (/home/ssj4358/GWNU-WonJu-club/frontend/node_modules/jsdom/lib/jsdom/living/events/EventTarget-impl.js:94:17)
          at HTMLUnknownElement.dispatchEvent (/home/ssj4358/GWNU-WonJu-club/frontend/node_modules/jsdom/lib/jsdom/living/generated/EventTarget.js:231:34)
          at Object.invokeGuardedCallbackDev (/home/ssj4358/GWNU-WonJu-club/frontend/node_modules/react-dom/cjs/react-dom.development.js:4213:16)
          at invokeGuardedCallback (/home/ssj4358/GWNU-WonJu-club/frontend/node_modules/react-dom/cjs/react-dom.development.js:4277:31)
          at beginWork$1 (/home/ssj4358/GWNU-WonJu-club/frontend/node_modules/react-dom/cjs/react-dom.development.js:27490:7)
          at performUnitOfWork (/home/ssj4358/GWNU-WonJu-club/frontend/node_modules/react-dom/cjs/react-dom.development.js:26599:12)
          at workLoopSync (/home/ssj4358/GWNU-WonJu-club/frontend/node_modules/react-dom/cjs/react-dom.development.js:26505:5)
          at renderRootSync (/home/ssj4358/GWNU-WonJu-club/frontend/node_modules/react-dom/cjs/react-dom.development.js:26473:7)
          at recoverFromConcurrentError (/home/ssj4358/GWNU-WonJu-club/frontend/node_modules/react-dom/cjs/react-dom.development.js:25889:20)
          at performConcurrentWorkOnRoot (/home/ssj4358/GWNU-WonJu-club/frontend/node_modules/react-dom/cjs/react-dom.development.js:25789:22)
          at flushActQueue (/home/ssj4358/GWNU-WonJu-club/frontend/node_modules/react/cjs/react.development.js:2667:24)
          at act (/home/ssj4358/GWNU-WonJu-club/frontend/node_modules/react/cjs/react.development.js:2582:11)
          at /home/ssj4358/GWNU-WonJu-club/frontend/node_modules/@testing-library/react/dist/act-compat.js:47:25
          at renderRoot (/home/ssj4358/GWNU-WonJu-club/frontend/node_modules/@testing-library/react/dist/pure.js:180:26)
          at render (/home/ssj4358/GWNU-WonJu-club/frontend/node_modules/@testing-library/react/dist/pure.js:271:10)
          at Object.<anonymous> (/home/ssj4358/GWNU-WonJu-club/frontend/src/Board/free_posts/free_posts_Component/PostForm.test.js:43:13)
          at Promise.then.completed (/home/ssj4358/GWNU-WonJu-club/frontend/node_modules/jest-circus/build/utils.js:391:28)
          at new Promise (<anonymous>)
          at callAsyncCircusFn (/home/ssj4358/GWNU-WonJu-club/frontend/node_modules/jest-circus/build/utils.js:316:10)
          at _callCircusTest (/home/ssj4358/GWNU-WonJu-club/frontend/node_modules/jest-circus/build/run.js:218:40)
          at processTicksAndRejections (node:internal/process/task_queues:95:5)
          at _runTest (/home/ssj4358/GWNU-WonJu-club/frontend/node_modules/jest-circus/build/run.js:155:3)
          at _runTestsForDescribeBlock (/home/ssj4358/GWNU-WonJu-club/frontend/node_modules/jest-circus/build/run.js:66:9)
          at _runTestsForDescribeBlock (/home/ssj4358/GWNU-WonJu-club/frontend/node_modules/jest-circus/build/run.js:60:9)
          at run (/home/ssj4358/GWNU-WonJu-club/frontend/node_modules/jest-circus/build/run.js:25:3)
          at runAndTransformResultsToJestFormat (/home/ssj4358/GWNU-WonJu-club/frontend/node_modules/jest-circus/build/legacy-code-todo-rewrite/jestAdapterInit.js:170:21)
          at jestAdapter (/home/ssj4358/GWNU-WonJu-club/frontend/node_modules/jest-circus/build/legacy-code-todo-rewrite/jestAdapter.js:82:19)
          at runTestInternal (/home/ssj4358/GWNU-WonJu-club/frontend/node_modules/jest-runner/build/runTest.js:389:16)
          at runTest (/home/ssj4358/GWNU-WonJu-club/frontend/node_modules/jest-runner/build/runTest.js:475:34)
          at Object.worker (/home/ssj4358/GWNU-WonJu-club/frontend/node_modules/jest-runner/build/testWorker.js:133:12)

      297 |       return;
      298 |     }
    > 299 |     originalError.call(console, ...args);
          |                   ^
      300 |   };
      301 | });
      302 |

      at console.error (src/setupTests.js:299:19)
      at VirtualConsole.<anonymous> (node_modules/jsdom/lib/jsdom/virtual-console.js:29:45)
      at reportException (node_modules/jsdom/lib/jsdom/living/helpers/runtime-script-errors.js:70:28)
      at innerInvokeEventListeners (node_modules/jsdom/lib/jsdom/living/events/EventTarget-impl.js:341:9)
      at invokeEventListeners (node_modules/jsdom/lib/jsdom/living/events/EventTarget-impl.js:274:3)
      at HTMLUnknownElementImpl._dispatch (node_modules/jsdom/lib/jsdom/living/events/EventTarget-impl.js:221:9)
      at HTMLUnknownElementImpl.dispatchEvent (node_modules/jsdom/lib/jsdom/living/events/EventTarget-impl.js:94:17)
      at HTMLUnknownElement.dispatchEvent (node_modules/jsdom/lib/jsdom/living/generated/EventTarget.js:231:34)
      at Object.invokeGuardedCallbackDev (node_modules/react-dom/cjs/react-dom.development.js:4213:16)
      at invokeGuardedCallback (node_modules/react-dom/cjs/react-dom.development.js:4277:31)
      at beginWork$1 (node_modules/react-dom/cjs/react-dom.development.js:27490:7)
      at performUnitOfWork (node_modules/react-dom/cjs/react-dom.development.js:26599:12)
      at workLoopSync (node_modules/react-dom/cjs/react-dom.development.js:26505:5)
      at renderRootSync (node_modules/react-dom/cjs/react-dom.development.js:26473:7)
      at recoverFromConcurrentError (node_modules/react-dom/cjs/react-dom.development.js:25889:20)
      at performConcurrentWorkOnRoot (node_modules/react-dom/cjs/react-dom.development.js:25789:22)
      at flushActQueue (node_modules/react/cjs/react.development.js:2667:24)
      at act (node_modules/react/cjs/react.development.js:2582:11)
      at node_modules/@testing-library/react/dist/act-compat.js:47:25
      at renderRoot (node_modules/@testing-library/react/dist/pure.js:180:26)
      at render (node_modules/@testing-library/react/dist/pure.js:271:10)
      at Object.<anonymous> (src/Board/free_posts/free_posts_Component/PostForm.test.js:43:13)

PASS src/Club/Club_Create/Club_create_event.test.js
  ● Console

    console.log
      🚀 API Base URL: http://192.168.0.14:8000

      at Object.<anonymous> (src/config/apiConfig.js:25:9)

PASS src/__mocks__/fileMock.test.js
  ● Console

    console.error
      Warning: <fileMock /> is using incorrect casing. Use PascalCase for React components, or lowercase for HTML elements.
          at fileMock
          at Router (/home/ssj4358/GWNU-WonJu-club/frontend/node_modules/react-router/lib/components.tsx:413:13)
          at BrowserRouter (/home/ssj4358/GWNU-WonJu-club/frontend/node_modules/react-router-dom/index.tsx:767:3)
          at Provider (/home/ssj4358/GWNU-WonJu-club/frontend/node_modules/react-redux/src/components/Provider.tsx:60:11)
          at TestWrapper (/home/ssj4358/GWNU-WonJu-club/frontend/src/__mocks__/fileMock.test.js:25:24)

      297 |       return;
      298 |     }
    > 299 |     originalError.call(console, ...args);
          |                   ^
      300 |   };
      301 | });
      302 |

      at console.error (src/setupTests.js:299:19)
      at printWarning (node_modules/react-dom/cjs/react-dom.development.js:86:30)
      at error (node_modules/react-dom/cjs/react-dom.development.js:60:7)
      at createElement (node_modules/react-dom/cjs/react-dom.development.js:9761:9)
      at createInstance (node_modules/react-dom/cjs/react-dom.development.js:10941:20)
      at completeWork (node_modules/react-dom/cjs/react-dom.development.js:22226:28)
      at completeUnitOfWork (node_modules/react-dom/cjs/react-dom.development.js:26632:16)
      at performUnitOfWork (node_modules/react-dom/cjs/react-dom.development.js:26607:5)
      at workLoopSync (node_modules/react-dom/cjs/react-dom.development.js:26505:5)
      at renderRootSync (node_modules/react-dom/cjs/react-dom.development.js:26473:7)
      at performConcurrentWorkOnRoot (node_modules/react-dom/cjs/react-dom.development.js:25777:74)
      at flushActQueue (node_modules/react/cjs/react.development.js:2667:24)
      at act (node_modules/react/cjs/react.development.js:2582:11)
      at node_modules/@testing-library/react/dist/act-compat.js:47:25
      at renderRoot (node_modules/@testing-library/react/dist/pure.js:180:26)
      at render (node_modules/@testing-library/react/dist/pure.js:271:10)
      at Object.<anonymous> (src/__mocks__/fileMock.test.js:43:13)

    console.error
      Warning: The tag <fileMock> is unrecognized in this browser. If you meant to render a React component, start its name with an uppercase letter.
          at fileMock
          at Router (/home/ssj4358/GWNU-WonJu-club/frontend/node_modules/react-router/lib/components.tsx:413:13)
          at BrowserRouter (/home/ssj4358/GWNU-WonJu-club/frontend/node_modules/react-router-dom/index.tsx:767:3)
          at Provider (/home/ssj4358/GWNU-WonJu-club/frontend/node_modules/react-redux/src/components/Provider.tsx:60:11)
          at TestWrapper (/home/ssj4358/GWNU-WonJu-club/frontend/src/__mocks__/fileMock.test.js:25:24)

      297 |       return;
      298 |     }
    > 299 |     originalError.call(console, ...args);
          |                   ^
      300 |   };
      301 | });
      302 |

      at console.error (src/setupTests.js:299:19)
      at printWarning (node_modules/react-dom/cjs/react-dom.development.js:86:30)
      at error (node_modules/react-dom/cjs/react-dom.development.js:60:7)
      at createElement (node_modules/react-dom/cjs/react-dom.development.js:9816:9)
      at createInstance (node_modules/react-dom/cjs/react-dom.development.js:10941:20)
      at completeWork (node_modules/react-dom/cjs/react-dom.development.js:22226:28)
      at completeUnitOfWork (node_modules/react-dom/cjs/react-dom.development.js:26632:16)
      at performUnitOfWork (node_modules/react-dom/cjs/react-dom.development.js:26607:5)
      at workLoopSync (node_modules/react-dom/cjs/react-dom.development.js:26505:5)
      at renderRootSync (node_modules/react-dom/cjs/react-dom.development.js:26473:7)
      at performConcurrentWorkOnRoot (node_modules/react-dom/cjs/react-dom.development.js:25777:74)
      at flushActQueue (node_modules/react/cjs/react.development.js:2667:24)
      at act (node_modules/react/cjs/react.development.js:2582:11)
      at node_modules/@testing-library/react/dist/act-compat.js:47:25
      at renderRoot (node_modules/@testing-library/react/dist/pure.js:180:26)
      at render (node_modules/@testing-library/react/dist/pure.js:271:10)
      at Object.<anonymous> (src/__mocks__/fileMock.test.js:43:13)

PASS src/club_management/club_management.test.js
  ● Console

    console.log
      🚀 API Base URL: http://192.168.0.14:8000

      at Object.<anonymous> (src/config/apiConfig.js:25:9)

    console.error
      Warning: The tag <club_management> is unrecognized in this browser. If you meant to render a React component, start its name with an uppercase letter.
          at club_management
          at Router (/home/ssj4358/GWNU-WonJu-club/frontend/node_modules/react-router/lib/components.tsx:413:13)
          at BrowserRouter (/home/ssj4358/GWNU-WonJu-club/frontend/node_modules/react-router-dom/index.tsx:767:3)
          at Provider (/home/ssj4358/GWNU-WonJu-club/frontend/node_modules/react-redux/src/components/Provider.tsx:60:11)
          at TestWrapper (/home/ssj4358/GWNU-WonJu-club/frontend/src/club_management/club_management.test.js:25:24)

      297 |       return;
      298 |     }
    > 299 |     originalError.call(console, ...args);
          |                   ^
      300 |   };
      301 | });
      302 |

      at console.error (src/setupTests.js:299:19)
      at printWarning (node_modules/react-dom/cjs/react-dom.development.js:86:30)
      at error (node_modules/react-dom/cjs/react-dom.development.js:60:7)
      at createElement (node_modules/react-dom/cjs/react-dom.development.js:9816:9)
      at createInstance (node_modules/react-dom/cjs/react-dom.development.js:10941:20)
      at completeWork (node_modules/react-dom/cjs/react-dom.development.js:22226:28)
      at completeUnitOfWork (node_modules/react-dom/cjs/react-dom.development.js:26632:16)
      at performUnitOfWork (node_modules/react-dom/cjs/react-dom.development.js:26607:5)
      at workLoopSync (node_modules/react-dom/cjs/react-dom.development.js:26505:5)
      at renderRootSync (node_modules/react-dom/cjs/react-dom.development.js:26473:7)
      at performConcurrentWorkOnRoot (node_modules/react-dom/cjs/react-dom.development.js:25777:74)
      at flushActQueue (node_modules/react/cjs/react.development.js:2667:24)
      at act (node_modules/react/cjs/react.development.js:2582:11)
      at node_modules/@testing-library/react/dist/act-compat.js:47:25
      at renderRoot (node_modules/@testing-library/react/dist/pure.js:180:26)
      at render (node_modules/@testing-library/react/dist/pure.js:271:10)
      at Object.<anonymous> (src/club_management/club_management.test.js:43:13)

PASS src/CreateClub/CreateClubPage.test.js
  ● Console

    console.log
      🚀 API Base URL: http://192.168.0.14:8000

      at Object.<anonymous> (src/config/apiConfig.js:25:9)

PASS src/Club/Club_Component/Club_gallery.test.js
  ● Console

    console.log
      🚀 API Base URL: http://192.168.0.14:8000

      at Object.<anonymous> (src/config/apiConfig.js:25:9)

    console.error
      Error fetching albums: TypeError: Cannot read properties of undefined (reading 'data')
          at fetchAlbums (/home/ssj4358/GWNU-WonJu-club/frontend/src/Club/Club_Component/Club_gallery.js:29:28)
          at processTicksAndRejections (node:internal/process/task_queues:95:5)

      297 |       return;
      298 |     }
    > 299 |     originalError.call(console, ...args);
          |                   ^
      300 |   };
      301 | });
      302 |

      at console.error (src/setupTests.js:299:19)
      at fetchAlbums (src/Club/Club_Component/Club_gallery.js:31:17)

PASS src/Login/SignUp.test.js
  ● Console

    console.log
      🚀 API Base URL: http://192.168.0.14:8000

      at Object.<anonymous> (src/config/apiConfig.js:25:9)

PASS src/Event/Event_Component/EventPage.test.js
  ● Console

    console.warn
      No routes matched location "/nonexistent"

      63 |
      64 |   test('존재하지 않는 경로에서는 아무것도 렌더링되지 않는다', () => {
    > 65 |     render(
         |           ^
      66 |       <TestWrapper initialEntries={['/nonexistent']}>
      67 |         <EventPage />
      68 |       </TestWrapper>

      at Object.warning [as UNSAFE_warning] (node_modules/@remix-run/router/history.ts:501:49)
      at useRoutesImpl (node_modules/react-router/lib/hooks.tsx:450:5)
      at useRoutes (node_modules/react-router/lib/hooks.tsx:343:10)
      at Routes (node_modules/react-router/lib/components.tsx:507:10)
      at renderWithHooks (node_modules/react-dom/cjs/react-dom.development.js:15486:18)
      at mountIndeterminateComponent (node_modules/react-dom/cjs/react-dom.development.js:20103:13)
      at beginWork (node_modules/react-dom/cjs/react-dom.development.js:21626:16)
      at beginWork$1 (node_modules/react-dom/cjs/react-dom.development.js:27465:14)
      at performUnitOfWork (node_modules/react-dom/cjs/react-dom.development.js:26599:12)
      at workLoopSync (node_modules/react-dom/cjs/react-dom.development.js:26505:5)
      at renderRootSync (node_modules/react-dom/cjs/react-dom.development.js:26473:7)
      at performConcurrentWorkOnRoot (node_modules/react-dom/cjs/react-dom.development.js:25777:74)
      at flushActQueue (node_modules/react/cjs/react.development.js:2667:24)
      at act (node_modules/react/cjs/react.development.js:2582:11)
      at node_modules/@testing-library/react/dist/act-compat.js:47:25
      at renderRoot (node_modules/@testing-library/react/dist/pure.js:180:26)
      at render (node_modules/@testing-library/react/dist/pure.js:271:10)
      at Object.<anonymous> (src/Event/Event_Component/EventPage.test.js:65:11)

PASS src/Club/Club_Component/Club_head.test.js
PASS src/CreateClub/ParentComponent.test.js
PASS src/Board/free_posts/free_posts_Component/PostMain.test.js
  ● Console

    console.log
      🚀 API Base URL: http://192.168.0.14:8000

      at Object.<anonymous> (src/config/apiConfig.js:25:9)

PASS src/CreateClub/CreateClub.test.js
  ● Console

    console.log
      🚀 API Base URL: http://192.168.0.14:8000

      at Object.<anonymous> (src/config/apiConfig.js:25:9)

PASS src/Board/free_posts/free_posts_Component/WritePost.test.js
  ● Console

    console.log
      🚀 API Base URL: http://192.168.0.14:8000

      at Object.<anonymous> (src/config/apiConfig.js:25:9)

    console.error
      Error: Uncaught [TypeError: Cannot read properties of null (reading 'club_name')]
          at reportException (/home/ssj4358/GWNU-WonJu-club/frontend/node_modules/jsdom/lib/jsdom/living/helpers/runtime-script-errors.js:66:24)
          at innerInvokeEventListeners (/home/ssj4358/GWNU-WonJu-club/frontend/node_modules/jsdom/lib/jsdom/living/events/EventTarget-impl.js:341:9)
          at invokeEventListeners (/home/ssj4358/GWNU-WonJu-club/frontend/node_modules/jsdom/lib/jsdom/living/events/EventTarget-impl.js:274:3)
          at HTMLUnknownElementImpl._dispatch (/home/ssj4358/GWNU-WonJu-club/frontend/node_modules/jsdom/lib/jsdom/living/events/EventTarget-impl.js:221:9)
          at HTMLUnknownElementImpl.dispatchEvent (/home/ssj4358/GWNU-WonJu-club/frontend/node_modules/jsdom/lib/jsdom/living/events/EventTarget-impl.js:94:17)
          at HTMLUnknownElement.dispatchEvent (/home/ssj4358/GWNU-WonJu-club/frontend/node_modules/jsdom/lib/jsdom/living/generated/EventTarget.js:231:34)
          at Object.invokeGuardedCallbackDev (/home/ssj4358/GWNU-WonJu-club/frontend/node_modules/react-dom/cjs/react-dom.development.js:4213:16)
          at invokeGuardedCallback (/home/ssj4358/GWNU-WonJu-club/frontend/node_modules/react-dom/cjs/react-dom.development.js:4277:31)
          at reportUncaughtErrorInDEV (/home/ssj4358/GWNU-WonJu-club/frontend/node_modules/react-dom/cjs/react-dom.development.js:22877:5)
          at captureCommitPhaseError (/home/ssj4358/GWNU-WonJu-club/frontend/node_modules/react-dom/cjs/react-dom.development.js:27165:5)
          at commitPassiveMountEffects_complete (/home/ssj4358/GWNU-WonJu-club/frontend/node_modules/react-dom/cjs/react-dom.development.js:24932:9)
          at commitPassiveMountEffects_begin (/home/ssj4358/GWNU-WonJu-club/frontend/node_modules/react-dom/cjs/react-dom.development.js:24917:7)
          at commitPassiveMountEffects (/home/ssj4358/GWNU-WonJu-club/frontend/node_modules/react-dom/cjs/react-dom.development.js:24905:3)
          at flushPassiveEffectsImpl (/home/ssj4358/GWNU-WonJu-club/frontend/node_modules/react-dom/cjs/react-dom.development.js:27078:3)
          at flushPassiveEffects (/home/ssj4358/GWNU-WonJu-club/frontend/node_modules/react-dom/cjs/react-dom.development.js:27023:14)
          at /home/ssj4358/GWNU-WonJu-club/frontend/node_modules/react-dom/cjs/react-dom.development.js:26808:9
          at flushActQueue (/home/ssj4358/GWNU-WonJu-club/frontend/node_modules/react/cjs/react.development.js:2667:24)
          at act (/home/ssj4358/GWNU-WonJu-club/frontend/node_modules/react/cjs/react.development.js:2582:11)
          at /home/ssj4358/GWNU-WonJu-club/frontend/node_modules/@testing-library/react/dist/act-compat.js:47:25
          at renderRoot (/home/ssj4358/GWNU-WonJu-club/frontend/node_modules/@testing-library/react/dist/pure.js:180:26)
          at render (/home/ssj4358/GWNU-WonJu-club/frontend/node_modules/@testing-library/react/dist/pure.js:271:10)
          at Object.<anonymous> (/home/ssj4358/GWNU-WonJu-club/frontend/src/Board/free_posts/free_posts_Component/WritePost.test.js:43:13)
          at Promise.then.completed (/home/ssj4358/GWNU-WonJu-club/frontend/node_modules/jest-circus/build/utils.js:391:28)
          at new Promise (<anonymous>)
          at callAsyncCircusFn (/home/ssj4358/GWNU-WonJu-club/frontend/node_modules/jest-circus/build/utils.js:316:10)
          at _callCircusTest (/home/ssj4358/GWNU-WonJu-club/frontend/node_modules/jest-circus/build/run.js:218:40)
          at processTicksAndRejections (node:internal/process/task_queues:95:5)
          at _runTest (/home/ssj4358/GWNU-WonJu-club/frontend/node_modules/jest-circus/build/run.js:155:3)
          at _runTestsForDescribeBlock (/home/ssj4358/GWNU-WonJu-club/frontend/node_modules/jest-circus/build/run.js:66:9)
          at _runTestsForDescribeBlock (/home/ssj4358/GWNU-WonJu-club/frontend/node_modules/jest-circus/build/run.js:60:9)
          at run (/home/ssj4358/GWNU-WonJu-club/frontend/node_modules/jest-circus/build/run.js:25:3)
          at runAndTransformResultsToJestFormat (/home/ssj4358/GWNU-WonJu-club/frontend/node_modules/jest-circus/build/legacy-code-todo-rewrite/jestAdapterInit.js:170:21)
          at jestAdapter (/home/ssj4358/GWNU-WonJu-club/frontend/node_modules/jest-circus/build/legacy-code-todo-rewrite/jestAdapter.js:82:19)
          at runTestInternal (/home/ssj4358/GWNU-WonJu-club/frontend/node_modules/jest-runner/build/runTest.js:389:16)
          at runTest (/home/ssj4358/GWNU-WonJu-club/frontend/node_modules/jest-runner/build/runTest.js:475:34)
          at Object.worker (/home/ssj4358/GWNU-WonJu-club/frontend/node_modules/jest-runner/build/testWorker.js:133:12) TypeError: Cannot read properties of null (reading 'club_name')
          at /home/ssj4358/GWNU-WonJu-club/frontend/src/Board/free_posts/free_posts_Component/WritePost.js:18:27
          at commitHookEffectListMount (/home/ssj4358/GWNU-WonJu-club/frontend/node_modules/react-dom/cjs/react-dom.development.js:23189:26)
          at commitPassiveMountOnFiber (/home/ssj4358/GWNU-WonJu-club/frontend/node_modules/react-dom/cjs/react-dom.development.js:24970:11)
          at commitPassiveMountEffects_complete (/home/ssj4358/GWNU-WonJu-club/frontend/node_modules/react-dom/cjs/react-dom.development.js:24930:9)
          at commitPassiveMountEffects_begin (/home/ssj4358/GWNU-WonJu-club/frontend/node_modules/react-dom/cjs/react-dom.development.js:24917:7)
          at commitPassiveMountEffects (/home/ssj4358/GWNU-WonJu-club/frontend/node_modules/react-dom/cjs/react-dom.development.js:24905:3)
          at flushPassiveEffectsImpl (/home/ssj4358/GWNU-WonJu-club/frontend/node_modules/react-dom/cjs/react-dom.development.js:27078:3)
          at flushPassiveEffects (/home/ssj4358/GWNU-WonJu-club/frontend/node_modules/react-dom/cjs/react-dom.development.js:27023:14)
          at /home/ssj4358/GWNU-WonJu-club/frontend/node_modules/react-dom/cjs/react-dom.development.js:26808:9
          at flushActQueue (/home/ssj4358/GWNU-WonJu-club/frontend/node_modules/react/cjs/react.development.js:2667:24)
          at act (/home/ssj4358/GWNU-WonJu-club/frontend/node_modules/react/cjs/react.development.js:2582:11)
          at /home/ssj4358/GWNU-WonJu-club/frontend/node_modules/@testing-library/react/dist/act-compat.js:47:25
          at renderRoot (/home/ssj4358/GWNU-WonJu-club/frontend/node_modules/@testing-library/react/dist/pure.js:180:26)
          at render (/home/ssj4358/GWNU-WonJu-club/frontend/node_modules/@testing-library/react/dist/pure.js:271:10)
          at Object.<anonymous> (/home/ssj4358/GWNU-WonJu-club/frontend/src/Board/free_posts/free_posts_Component/WritePost.test.js:43:13)
          at Promise.then.completed (/home/ssj4358/GWNU-WonJu-club/frontend/node_modules/jest-circus/build/utils.js:391:28)
          at new Promise (<anonymous>)
          at callAsyncCircusFn (/home/ssj4358/GWNU-WonJu-club/frontend/node_modules/jest-circus/build/utils.js:316:10)
          at _callCircusTest (/home/ssj4358/GWNU-WonJu-club/frontend/node_modules/jest-circus/build/run.js:218:40)
          at processTicksAndRejections (node:internal/process/task_queues:95:5)
          at _runTest (/home/ssj4358/GWNU-WonJu-club/frontend/node_modules/jest-circus/build/run.js:155:3)
          at _runTestsForDescribeBlock (/home/ssj4358/GWNU-WonJu-club/frontend/node_modules/jest-circus/build/run.js:66:9)
          at _runTestsForDescribeBlock (/home/ssj4358/GWNU-WonJu-club/frontend/node_modules/jest-circus/build/run.js:60:9)
          at run (/home/ssj4358/GWNU-WonJu-club/frontend/node_modules/jest-circus/build/run.js:25:3)
          at runAndTransformResultsToJestFormat (/home/ssj4358/GWNU-WonJu-club/frontend/node_modules/jest-circus/build/legacy-code-todo-rewrite/jestAdapterInit.js:170:21)
          at jestAdapter (/home/ssj4358/GWNU-WonJu-club/frontend/node_modules/jest-circus/build/legacy-code-todo-rewrite/jestAdapter.js:82:19)
          at runTestInternal (/home/ssj4358/GWNU-WonJu-club/frontend/node_modules/jest-runner/build/runTest.js:389:16)
          at runTest (/home/ssj4358/GWNU-WonJu-club/frontend/node_modules/jest-runner/build/runTest.js:475:34)
          at Object.worker (/home/ssj4358/GWNU-WonJu-club/frontend/node_modules/jest-runner/build/testWorker.js:133:12)

      297 |       return;
      298 |     }
    > 299 |     originalError.call(console, ...args);
          |                   ^
      300 |   };
      301 | });
      302 |

      at console.error (src/setupTests.js:299:19)
      at VirtualConsole.<anonymous> (node_modules/jsdom/lib/jsdom/virtual-console.js:29:45)
      at reportException (node_modules/jsdom/lib/jsdom/living/helpers/runtime-script-errors.js:70:28)
      at innerInvokeEventListeners (node_modules/jsdom/lib/jsdom/living/events/EventTarget-impl.js:341:9)
      at invokeEventListeners (node_modules/jsdom/lib/jsdom/living/events/EventTarget-impl.js:274:3)
      at HTMLUnknownElementImpl._dispatch (node_modules/jsdom/lib/jsdom/living/events/EventTarget-impl.js:221:9)
      at HTMLUnknownElementImpl.dispatchEvent (node_modules/jsdom/lib/jsdom/living/events/EventTarget-impl.js:94:17)
      at HTMLUnknownElement.dispatchEvent (node_modules/jsdom/lib/jsdom/living/generated/EventTarget.js:231:34)
      at Object.invokeGuardedCallbackDev (node_modules/react-dom/cjs/react-dom.development.js:4213:16)
      at invokeGuardedCallback (node_modules/react-dom/cjs/react-dom.development.js:4277:31)
      at reportUncaughtErrorInDEV (node_modules/react-dom/cjs/react-dom.development.js:22877:5)
      at captureCommitPhaseError (node_modules/react-dom/cjs/react-dom.development.js:27165:5)
      at commitPassiveMountEffects_complete (node_modules/react-dom/cjs/react-dom.development.js:24932:9)
      at commitPassiveMountEffects_begin (node_modules/react-dom/cjs/react-dom.development.js:24917:7)
      at commitPassiveMountEffects (node_modules/react-dom/cjs/react-dom.development.js:24905:3)
      at flushPassiveEffectsImpl (node_modules/react-dom/cjs/react-dom.development.js:27078:3)
      at flushPassiveEffects (node_modules/react-dom/cjs/react-dom.development.js:27023:14)
      at node_modules/react-dom/cjs/react-dom.development.js:26808:9
      at flushActQueue (node_modules/react/cjs/react.development.js:2667:24)
      at act (node_modules/react/cjs/react.development.js:2582:11)
      at node_modules/@testing-library/react/dist/act-compat.js:47:25
      at renderRoot (node_modules/@testing-library/react/dist/pure.js:180:26)
      at render (node_modules/@testing-library/react/dist/pure.js:271:10)
      at Object.<anonymous> (src/Board/free_posts/free_posts_Component/WritePost.test.js:43:13)

PASS src/Board/free_posts/free_posts_Component/PostView.test.js
  ● Console

    console.log
      🚀 API Base URL: http://192.168.0.14:8000

      at Object.<anonymous> (src/config/apiConfig.js:25:9)

PASS src/Login/EmailConfirm.test.js
PASS src/styles.test.js
PASS src/Mypage/MyClubPage.test.js
  ● Console

    console.log
      🚀 API Base URL: http://192.168.0.14:8000

      at Object.<anonymous> (src/config/apiConfig.js:25:9)

PASS src/CreateClub/CreateClubForm.test.js
  ● Console

    console.log
      🚀 API Base URL: http://192.168.0.14:8000

      at Object.<anonymous> (src/config/apiConfig.js:25:9)

PASS src/Club/ClubPage.test.js
  ● Console

    console.log
      🚀 API Base URL: http://192.168.0.14:8000

      at Object.<anonymous> (src/config/apiConfig.js:25:9)

PASS src/Club/Club_Create/Club_create_photo.test.js
  ● Console

    console.log
      🚀 API Base URL: http://192.168.0.14:8000

      at Object.<anonymous> (src/config/apiConfig.js:25:9)

PASS src/Event/Event_Component/CreateEvent.test.js
  ● Console

    console.log
      🚀 API Base URL: http://192.168.0.14:8000

      at Object.<anonymous> (src/config/apiConfig.js:25:9)

PASS src/Main/Main_Component/ClubAnalytics.test.js
PASS src/Event/Event_Component/CreateEventPage.test.js
PASS src/Main/Main_Component/ClubNoticetest.test.js
  ● Console

    console.log
      🚀 API Base URL: http://192.168.0.14:8000

      at Object.<anonymous> (src/config/apiConfig.js:25:9)

PASS src/Club/Club_Component/Club_Management.test.js
  ● Console

    console.error
      Error: Uncaught [ReferenceError: ClubHeader is not defined]
          at reportException (/home/ssj4358/GWNU-WonJu-club/frontend/node_modules/jsdom/lib/jsdom/living/helpers/runtime-script-errors.js:66:24)
          at innerInvokeEventListeners (/home/ssj4358/GWNU-WonJu-club/frontend/node_modules/jsdom/lib/jsdom/living/events/EventTarget-impl.js:341:9)
          at invokeEventListeners (/home/ssj4358/GWNU-WonJu-club/frontend/node_modules/jsdom/lib/jsdom/living/events/EventTarget-impl.js:274:3)
          at HTMLUnknownElementImpl._dispatch (/home/ssj4358/GWNU-WonJu-club/frontend/node_modules/jsdom/lib/jsdom/living/events/EventTarget-impl.js:221:9)
          at HTMLUnknownElementImpl.dispatchEvent (/home/ssj4358/GWNU-WonJu-club/frontend/node_modules/jsdom/lib/jsdom/living/events/EventTarget-impl.js:94:17)
          at HTMLUnknownElement.dispatchEvent (/home/ssj4358/GWNU-WonJu-club/frontend/node_modules/jsdom/lib/jsdom/living/generated/EventTarget.js:231:34)
          at Object.invokeGuardedCallbackDev (/home/ssj4358/GWNU-WonJu-club/frontend/node_modules/react-dom/cjs/react-dom.development.js:4213:16)
          at invokeGuardedCallback (/home/ssj4358/GWNU-WonJu-club/frontend/node_modules/react-dom/cjs/react-dom.development.js:4277:31)
          at beginWork$1 (/home/ssj4358/GWNU-WonJu-club/frontend/node_modules/react-dom/cjs/react-dom.development.js:27490:7)
          at performUnitOfWork (/home/ssj4358/GWNU-WonJu-club/frontend/node_modules/react-dom/cjs/react-dom.development.js:26599:12)
          at workLoopSync (/home/ssj4358/GWNU-WonJu-club/frontend/node_modules/react-dom/cjs/react-dom.development.js:26505:5)
          at renderRootSync (/home/ssj4358/GWNU-WonJu-club/frontend/node_modules/react-dom/cjs/react-dom.development.js:26473:7)
          at performConcurrentWorkOnRoot (/home/ssj4358/GWNU-WonJu-club/frontend/node_modules/react-dom/cjs/react-dom.development.js:25777:74)
          at flushActQueue (/home/ssj4358/GWNU-WonJu-club/frontend/node_modules/react/cjs/react.development.js:2667:24)
          at act (/home/ssj4358/GWNU-WonJu-club/frontend/node_modules/react/cjs/react.development.js:2582:11)
          at /home/ssj4358/GWNU-WonJu-club/frontend/node_modules/@testing-library/react/dist/act-compat.js:47:25
          at renderRoot (/home/ssj4358/GWNU-WonJu-club/frontend/node_modules/@testing-library/react/dist/pure.js:180:26)
          at render (/home/ssj4358/GWNU-WonJu-club/frontend/node_modules/@testing-library/react/dist/pure.js:271:10)
          at Object.<anonymous> (/home/ssj4358/GWNU-WonJu-club/frontend/src/Club/Club_Component/Club_Management.test.js:43:13)
          at Promise.then.completed (/home/ssj4358/GWNU-WonJu-club/frontend/node_modules/jest-circus/build/utils.js:391:28)
          at new Promise (<anonymous>)
          at callAsyncCircusFn (/home/ssj4358/GWNU-WonJu-club/frontend/node_modules/jest-circus/build/utils.js:316:10)
          at _callCircusTest (/home/ssj4358/GWNU-WonJu-club/frontend/node_modules/jest-circus/build/run.js:218:40)
          at processTicksAndRejections (node:internal/process/task_queues:95:5)
          at _runTest (/home/ssj4358/GWNU-WonJu-club/frontend/node_modules/jest-circus/build/run.js:155:3)
          at _runTestsForDescribeBlock (/home/ssj4358/GWNU-WonJu-club/frontend/node_modules/jest-circus/build/run.js:66:9)
          at _runTestsForDescribeBlock (/home/ssj4358/GWNU-WonJu-club/frontend/node_modules/jest-circus/build/run.js:60:9)
          at run (/home/ssj4358/GWNU-WonJu-club/frontend/node_modules/jest-circus/build/run.js:25:3)
          at runAndTransformResultsToJestFormat (/home/ssj4358/GWNU-WonJu-club/frontend/node_modules/jest-circus/build/legacy-code-todo-rewrite/jestAdapterInit.js:170:21)
          at jestAdapter (/home/ssj4358/GWNU-WonJu-club/frontend/node_modules/jest-circus/build/legacy-code-todo-rewrite/jestAdapter.js:82:19)
          at runTestInternal (/home/ssj4358/GWNU-WonJu-club/frontend/node_modules/jest-runner/build/runTest.js:389:16)
          at runTest (/home/ssj4358/GWNU-WonJu-club/frontend/node_modules/jest-runner/build/runTest.js:475:34)
          at Object.worker (/home/ssj4358/GWNU-WonJu-club/frontend/node_modules/jest-runner/build/testWorker.js:133:12) ReferenceError: ClubHeader is not defined
          at ClubManagementPage (/home/ssj4358/GWNU-WonJu-club/frontend/src/Club/Club_Component/Club_Management.js:63:8)
          at renderWithHooks (/home/ssj4358/GWNU-WonJu-club/frontend/node_modules/react-dom/cjs/react-dom.development.js:15486:18)
          at mountIndeterminateComponent (/home/ssj4358/GWNU-WonJu-club/frontend/node_modules/react-dom/cjs/react-dom.development.js:20103:13)
          at beginWork (/home/ssj4358/GWNU-WonJu-club/frontend/node_modules/react-dom/cjs/react-dom.development.js:21626:16)
          at HTMLUnknownElement.callCallback (/home/ssj4358/GWNU-WonJu-club/frontend/node_modules/react-dom/cjs/react-dom.development.js:4164:14)
          at HTMLUnknownElement.callTheUserObjectsOperation (/home/ssj4358/GWNU-WonJu-club/frontend/node_modules/jsdom/lib/jsdom/living/generated/EventListener.js:26:30)
          at innerInvokeEventListeners (/home/ssj4358/GWNU-WonJu-club/frontend/node_modules/jsdom/lib/jsdom/living/events/EventTarget-impl.js:338:25)
          at invokeEventListeners (/home/ssj4358/GWNU-WonJu-club/frontend/node_modules/jsdom/lib/jsdom/living/events/EventTarget-impl.js:274:3)
          at HTMLUnknownElementImpl._dispatch (/home/ssj4358/GWNU-WonJu-club/frontend/node_modules/jsdom/lib/jsdom/living/events/EventTarget-impl.js:221:9)
          at HTMLUnknownElementImpl.dispatchEvent (/home/ssj4358/GWNU-WonJu-club/frontend/node_modules/jsdom/lib/jsdom/living/events/EventTarget-impl.js:94:17)
          at HTMLUnknownElement.dispatchEvent (/home/ssj4358/GWNU-WonJu-club/frontend/node_modules/jsdom/lib/jsdom/living/generated/EventTarget.js:231:34)
          at Object.invokeGuardedCallbackDev (/home/ssj4358/GWNU-WonJu-club/frontend/node_modules/react-dom/cjs/react-dom.development.js:4213:16)
          at invokeGuardedCallback (/home/ssj4358/GWNU-WonJu-club/frontend/node_modules/react-dom/cjs/react-dom.development.js:4277:31)
          at beginWork$1 (/home/ssj4358/GWNU-WonJu-club/frontend/node_modules/react-dom/cjs/react-dom.development.js:27490:7)
          at performUnitOfWork (/home/ssj4358/GWNU-WonJu-club/frontend/node_modules/react-dom/cjs/react-dom.development.js:26599:12)
          at workLoopSync (/home/ssj4358/GWNU-WonJu-club/frontend/node_modules/react-dom/cjs/react-dom.development.js:26505:5)
          at renderRootSync (/home/ssj4358/GWNU-WonJu-club/frontend/node_modules/react-dom/cjs/react-dom.development.js:26473:7)
          at performConcurrentWorkOnRoot (/home/ssj4358/GWNU-WonJu-club/frontend/node_modules/react-dom/cjs/react-dom.development.js:25777:74)
          at flushActQueue (/home/ssj4358/GWNU-WonJu-club/frontend/node_modules/react/cjs/react.development.js:2667:24)
          at act (/home/ssj4358/GWNU-WonJu-club/frontend/node_modules/react/cjs/react.development.js:2582:11)
          at /home/ssj4358/GWNU-WonJu-club/frontend/node_modules/@testing-library/react/dist/act-compat.js:47:25
          at renderRoot (/home/ssj4358/GWNU-WonJu-club/frontend/node_modules/@testing-library/react/dist/pure.js:180:26)
          at render (/home/ssj4358/GWNU-WonJu-club/frontend/node_modules/@testing-library/react/dist/pure.js:271:10)
          at Object.<anonymous> (/home/ssj4358/GWNU-WonJu-club/frontend/src/Club/Club_Component/Club_Management.test.js:43:13)
          at Promise.then.completed (/home/ssj4358/GWNU-WonJu-club/frontend/node_modules/jest-circus/build/utils.js:391:28)
          at new Promise (<anonymous>)
          at callAsyncCircusFn (/home/ssj4358/GWNU-WonJu-club/frontend/node_modules/jest-circus/build/utils.js:316:10)
          at _callCircusTest (/home/ssj4358/GWNU-WonJu-club/frontend/node_modules/jest-circus/build/run.js:218:40)
          at processTicksAndRejections (node:internal/process/task_queues:95:5)
          at _runTest (/home/ssj4358/GWNU-WonJu-club/frontend/node_modules/jest-circus/build/run.js:155:3)
          at _runTestsForDescribeBlock (/home/ssj4358/GWNU-WonJu-club/frontend/node_modules/jest-circus/build/run.js:66:9)
          at _runTestsForDescribeBlock (/home/ssj4358/GWNU-WonJu-club/frontend/node_modules/jest-circus/build/run.js:60:9)
          at run (/home/ssj4358/GWNU-WonJu-club/frontend/node_modules/jest-circus/build/run.js:25:3)
          at runAndTransformResultsToJestFormat (/home/ssj4358/GWNU-WonJu-club/frontend/node_modules/jest-circus/build/legacy-code-todo-rewrite/jestAdapterInit.js:170:21)
          at jestAdapter (/home/ssj4358/GWNU-WonJu-club/frontend/node_modules/jest-circus/build/legacy-code-todo-rewrite/jestAdapter.js:82:19)
          at runTestInternal (/home/ssj4358/GWNU-WonJu-club/frontend/node_modules/jest-runner/build/runTest.js:389:16)
          at runTest (/home/ssj4358/GWNU-WonJu-club/frontend/node_modules/jest-runner/build/runTest.js:475:34)
          at Object.worker (/home/ssj4358/GWNU-WonJu-club/frontend/node_modules/jest-runner/build/testWorker.js:133:12)

      297 |       return;
      298 |     }
    > 299 |     originalError.call(console, ...args);
          |                   ^
      300 |   };
      301 | });
      302 |

      at console.error (src/setupTests.js:299:19)
      at VirtualConsole.<anonymous> (node_modules/jsdom/lib/jsdom/virtual-console.js:29:45)
      at reportException (node_modules/jsdom/lib/jsdom/living/helpers/runtime-script-errors.js:70:28)
      at innerInvokeEventListeners (node_modules/jsdom/lib/jsdom/living/events/EventTarget-impl.js:341:9)
      at invokeEventListeners (node_modules/jsdom/lib/jsdom/living/events/EventTarget-impl.js:274:3)
      at HTMLUnknownElementImpl._dispatch (node_modules/jsdom/lib/jsdom/living/events/EventTarget-impl.js:221:9)
      at HTMLUnknownElementImpl.dispatchEvent (node_modules/jsdom/lib/jsdom/living/events/EventTarget-impl.js:94:17)
      at HTMLUnknownElement.dispatchEvent (node_modules/jsdom/lib/jsdom/living/generated/EventTarget.js:231:34)
      at Object.invokeGuardedCallbackDev (node_modules/react-dom/cjs/react-dom.development.js:4213:16)
      at invokeGuardedCallback (node_modules/react-dom/cjs/react-dom.development.js:4277:31)
      at beginWork$1 (node_modules/react-dom/cjs/react-dom.development.js:27490:7)
      at performUnitOfWork (node_modules/react-dom/cjs/react-dom.development.js:26599:12)
      at workLoopSync (node_modules/react-dom/cjs/react-dom.development.js:26505:5)
      at renderRootSync (node_modules/react-dom/cjs/react-dom.development.js:26473:7)
      at performConcurrentWorkOnRoot (node_modules/react-dom/cjs/react-dom.development.js:25777:74)
      at flushActQueue (node_modules/react/cjs/react.development.js:2667:24)
      at act (node_modules/react/cjs/react.development.js:2582:11)
      at node_modules/@testing-library/react/dist/act-compat.js:47:25
      at renderRoot (node_modules/@testing-library/react/dist/pure.js:180:26)
      at render (node_modules/@testing-library/react/dist/pure.js:271:10)
      at Object.<anonymous> (src/Club/Club_Component/Club_Management.test.js:43:13)

    console.error
      Error: Uncaught [ReferenceError: ClubHeader is not defined]
          at reportException (/home/ssj4358/GWNU-WonJu-club/frontend/node_modules/jsdom/lib/jsdom/living/helpers/runtime-script-errors.js:66:24)
          at innerInvokeEventListeners (/home/ssj4358/GWNU-WonJu-club/frontend/node_modules/jsdom/lib/jsdom/living/events/EventTarget-impl.js:341:9)
          at invokeEventListeners (/home/ssj4358/GWNU-WonJu-club/frontend/node_modules/jsdom/lib/jsdom/living/events/EventTarget-impl.js:274:3)
          at HTMLUnknownElementImpl._dispatch (/home/ssj4358/GWNU-WonJu-club/frontend/node_modules/jsdom/lib/jsdom/living/events/EventTarget-impl.js:221:9)
          at HTMLUnknownElementImpl.dispatchEvent (/home/ssj4358/GWNU-WonJu-club/frontend/node_modules/jsdom/lib/jsdom/living/events/EventTarget-impl.js:94:17)
          at HTMLUnknownElement.dispatchEvent (/home/ssj4358/GWNU-WonJu-club/frontend/node_modules/jsdom/lib/jsdom/living/generated/EventTarget.js:231:34)
          at Object.invokeGuardedCallbackDev (/home/ssj4358/GWNU-WonJu-club/frontend/node_modules/react-dom/cjs/react-dom.development.js:4213:16)
          at invokeGuardedCallback (/home/ssj4358/GWNU-WonJu-club/frontend/node_modules/react-dom/cjs/react-dom.development.js:4277:31)
          at beginWork$1 (/home/ssj4358/GWNU-WonJu-club/frontend/node_modules/react-dom/cjs/react-dom.development.js:27490:7)
          at performUnitOfWork (/home/ssj4358/GWNU-WonJu-club/frontend/node_modules/react-dom/cjs/react-dom.development.js:26599:12)
          at workLoopSync (/home/ssj4358/GWNU-WonJu-club/frontend/node_modules/react-dom/cjs/react-dom.development.js:26505:5)
          at renderRootSync (/home/ssj4358/GWNU-WonJu-club/frontend/node_modules/react-dom/cjs/react-dom.development.js:26473:7)
          at recoverFromConcurrentError (/home/ssj4358/GWNU-WonJu-club/frontend/node_modules/react-dom/cjs/react-dom.development.js:25889:20)
          at performConcurrentWorkOnRoot (/home/ssj4358/GWNU-WonJu-club/frontend/node_modules/react-dom/cjs/react-dom.development.js:25789:22)
          at flushActQueue (/home/ssj4358/GWNU-WonJu-club/frontend/node_modules/react/cjs/react.development.js:2667:24)
          at act (/home/ssj4358/GWNU-WonJu-club/frontend/node_modules/react/cjs/react.development.js:2582:11)
          at /home/ssj4358/GWNU-WonJu-club/frontend/node_modules/@testing-library/react/dist/act-compat.js:47:25
          at renderRoot (/home/ssj4358/GWNU-WonJu-club/frontend/node_modules/@testing-library/react/dist/pure.js:180:26)
          at render (/home/ssj4358/GWNU-WonJu-club/frontend/node_modules/@testing-library/react/dist/pure.js:271:10)
          at Object.<anonymous> (/home/ssj4358/GWNU-WonJu-club/frontend/src/Club/Club_Component/Club_Management.test.js:43:13)
          at Promise.then.completed (/home/ssj4358/GWNU-WonJu-club/frontend/node_modules/jest-circus/build/utils.js:391:28)
          at new Promise (<anonymous>)
          at callAsyncCircusFn (/home/ssj4358/GWNU-WonJu-club/frontend/node_modules/jest-circus/build/utils.js:316:10)
          at _callCircusTest (/home/ssj4358/GWNU-WonJu-club/frontend/node_modules/jest-circus/build/run.js:218:40)
          at processTicksAndRejections (node:internal/process/task_queues:95:5)
          at _runTest (/home/ssj4358/GWNU-WonJu-club/frontend/node_modules/jest-circus/build/run.js:155:3)
          at _runTestsForDescribeBlock (/home/ssj4358/GWNU-WonJu-club/frontend/node_modules/jest-circus/build/run.js:66:9)
          at _runTestsForDescribeBlock (/home/ssj4358/GWNU-WonJu-club/frontend/node_modules/jest-circus/build/run.js:60:9)
          at run (/home/ssj4358/GWNU-WonJu-club/frontend/node_modules/jest-circus/build/run.js:25:3)
          at runAndTransformResultsToJestFormat (/home/ssj4358/GWNU-WonJu-club/frontend/node_modules/jest-circus/build/legacy-code-todo-rewrite/jestAdapterInit.js:170:21)
          at jestAdapter (/home/ssj4358/GWNU-WonJu-club/frontend/node_modules/jest-circus/build/legacy-code-todo-rewrite/jestAdapter.js:82:19)
          at runTestInternal (/home/ssj4358/GWNU-WonJu-club/frontend/node_modules/jest-runner/build/runTest.js:389:16)
          at runTest (/home/ssj4358/GWNU-WonJu-club/frontend/node_modules/jest-runner/build/runTest.js:475:34)
          at Object.worker (/home/ssj4358/GWNU-WonJu-club/frontend/node_modules/jest-runner/build/testWorker.js:133:12) ReferenceError: ClubHeader is not defined
          at ClubManagementPage (/home/ssj4358/GWNU-WonJu-club/frontend/src/Club/Club_Component/Club_Management.js:63:8)
          at renderWithHooks (/home/ssj4358/GWNU-WonJu-club/frontend/node_modules/react-dom/cjs/react-dom.development.js:15486:18)
          at mountIndeterminateComponent (/home/ssj4358/GWNU-WonJu-club/frontend/node_modules/react-dom/cjs/react-dom.development.js:20103:13)
          at beginWork (/home/ssj4358/GWNU-WonJu-club/frontend/node_modules/react-dom/cjs/react-dom.development.js:21626:16)
          at HTMLUnknownElement.callCallback (/home/ssj4358/GWNU-WonJu-club/frontend/node_modules/react-dom/cjs/react-dom.development.js:4164:14)
          at HTMLUnknownElement.callTheUserObjectsOperation (/home/ssj4358/GWNU-WonJu-club/frontend/node_modules/jsdom/lib/jsdom/living/generated/EventListener.js:26:30)
          at innerInvokeEventListeners (/home/ssj4358/GWNU-WonJu-club/frontend/node_modules/jsdom/lib/jsdom/living/events/EventTarget-impl.js:338:25)
          at invokeEventListeners (/home/ssj4358/GWNU-WonJu-club/frontend/node_modules/jsdom/lib/jsdom/living/events/EventTarget-impl.js:274:3)
          at HTMLUnknownElementImpl._dispatch (/home/ssj4358/GWNU-WonJu-club/frontend/node_modules/jsdom/lib/jsdom/living/events/EventTarget-impl.js:221:9)
          at HTMLUnknownElementImpl.dispatchEvent (/home/ssj4358/GWNU-WonJu-club/frontend/node_modules/jsdom/lib/jsdom/living/events/EventTarget-impl.js:94:17)
          at HTMLUnknownElement.dispatchEvent (/home/ssj4358/GWNU-WonJu-club/frontend/node_modules/jsdom/lib/jsdom/living/generated/EventTarget.js:231:34)
          at Object.invokeGuardedCallbackDev (/home/ssj4358/GWNU-WonJu-club/frontend/node_modules/react-dom/cjs/react-dom.development.js:4213:16)
          at invokeGuardedCallback (/home/ssj4358/GWNU-WonJu-club/frontend/node_modules/react-dom/cjs/react-dom.development.js:4277:31)
          at beginWork$1 (/home/ssj4358/GWNU-WonJu-club/frontend/node_modules/react-dom/cjs/react-dom.development.js:27490:7)
          at performUnitOfWork (/home/ssj4358/GWNU-WonJu-club/frontend/node_modules/react-dom/cjs/react-dom.development.js:26599:12)
          at workLoopSync (/home/ssj4358/GWNU-WonJu-club/frontend/node_modules/react-dom/cjs/react-dom.development.js:26505:5)
          at renderRootSync (/home/ssj4358/GWNU-WonJu-club/frontend/node_modules/react-dom/cjs/react-dom.development.js:26473:7)
          at recoverFromConcurrentError (/home/ssj4358/GWNU-WonJu-club/frontend/node_modules/react-dom/cjs/react-dom.development.js:25889:20)
          at performConcurrentWorkOnRoot (/home/ssj4358/GWNU-WonJu-club/frontend/node_modules/react-dom/cjs/react-dom.development.js:25789:22)
          at flushActQueue (/home/ssj4358/GWNU-WonJu-club/frontend/node_modules/react/cjs/react.development.js:2667:24)
          at act (/home/ssj4358/GWNU-WonJu-club/frontend/node_modules/react/cjs/react.development.js:2582:11)
          at /home/ssj4358/GWNU-WonJu-club/frontend/node_modules/@testing-library/react/dist/act-compat.js:47:25
          at renderRoot (/home/ssj4358/GWNU-WonJu-club/frontend/node_modules/@testing-library/react/dist/pure.js:180:26)
          at render (/home/ssj4358/GWNU-WonJu-club/frontend/node_modules/@testing-library/react/dist/pure.js:271:10)
          at Object.<anonymous> (/home/ssj4358/GWNU-WonJu-club/frontend/src/Club/Club_Component/Club_Management.test.js:43:13)
          at Promise.then.completed (/home/ssj4358/GWNU-WonJu-club/frontend/node_modules/jest-circus/build/utils.js:391:28)
          at new Promise (<anonymous>)
          at callAsyncCircusFn (/home/ssj4358/GWNU-WonJu-club/frontend/node_modules/jest-circus/build/utils.js:316:10)
          at _callCircusTest (/home/ssj4358/GWNU-WonJu-club/frontend/node_modules/jest-circus/build/run.js:218:40)
          at processTicksAndRejections (node:internal/process/task_queues:95:5)
          at _runTest (/home/ssj4358/GWNU-WonJu-club/frontend/node_modules/jest-circus/build/run.js:155:3)
          at _runTestsForDescribeBlock (/home/ssj4358/GWNU-WonJu-club/frontend/node_modules/jest-circus/build/run.js:66:9)
          at _runTestsForDescribeBlock (/home/ssj4358/GWNU-WonJu-club/frontend/node_modules/jest-circus/build/run.js:60:9)
          at run (/home/ssj4358/GWNU-WonJu-club/frontend/node_modules/jest-circus/build/run.js:25:3)
          at runAndTransformResultsToJestFormat (/home/ssj4358/GWNU-WonJu-club/frontend/node_modules/jest-circus/build/legacy-code-todo-rewrite/jestAdapterInit.js:170:21)
          at jestAdapter (/home/ssj4358/GWNU-WonJu-club/frontend/node_modules/jest-circus/build/legacy-code-todo-rewrite/jestAdapter.js:82:19)
          at runTestInternal (/home/ssj4358/GWNU-WonJu-club/frontend/node_modules/jest-runner/build/runTest.js:389:16)
          at runTest (/home/ssj4358/GWNU-WonJu-club/frontend/node_modules/jest-runner/build/runTest.js:475:34)
          at Object.worker (/home/ssj4358/GWNU-WonJu-club/frontend/node_modules/jest-runner/build/testWorker.js:133:12)

      297 |       return;
      298 |     }
    > 299 |     originalError.call(console, ...args);
          |                   ^
      300 |   };
      301 | });
      302 |

      at console.error (src/setupTests.js:299:19)
      at VirtualConsole.<anonymous> (node_modules/jsdom/lib/jsdom/virtual-console.js:29:45)
      at reportException (node_modules/jsdom/lib/jsdom/living/helpers/runtime-script-errors.js:70:28)
      at innerInvokeEventListeners (node_modules/jsdom/lib/jsdom/living/events/EventTarget-impl.js:341:9)
      at invokeEventListeners (node_modules/jsdom/lib/jsdom/living/events/EventTarget-impl.js:274:3)
      at HTMLUnknownElementImpl._dispatch (node_modules/jsdom/lib/jsdom/living/events/EventTarget-impl.js:221:9)
      at HTMLUnknownElementImpl.dispatchEvent (node_modules/jsdom/lib/jsdom/living/events/EventTarget-impl.js:94:17)
      at HTMLUnknownElement.dispatchEvent (node_modules/jsdom/lib/jsdom/living/generated/EventTarget.js:231:34)
      at Object.invokeGuardedCallbackDev (node_modules/react-dom/cjs/react-dom.development.js:4213:16)
      at invokeGuardedCallback (node_modules/react-dom/cjs/react-dom.development.js:4277:31)
      at beginWork$1 (node_modules/react-dom/cjs/react-dom.development.js:27490:7)
      at performUnitOfWork (node_modules/react-dom/cjs/react-dom.development.js:26599:12)
      at workLoopSync (node_modules/react-dom/cjs/react-dom.development.js:26505:5)
      at renderRootSync (node_modules/react-dom/cjs/react-dom.development.js:26473:7)
      at recoverFromConcurrentError (node_modules/react-dom/cjs/react-dom.development.js:25889:20)
      at performConcurrentWorkOnRoot (node_modules/react-dom/cjs/react-dom.development.js:25789:22)
      at flushActQueue (node_modules/react/cjs/react.development.js:2667:24)
      at act (node_modules/react/cjs/react.development.js:2582:11)
      at node_modules/@testing-library/react/dist/act-compat.js:47:25
      at renderRoot (node_modules/@testing-library/react/dist/pure.js:180:26)
      at render (node_modules/@testing-library/react/dist/pure.js:271:10)
      at Object.<anonymous> (src/Club/Club_Component/Club_Management.test.js:43:13)

PASS src/Board/free_posts/free_posts_Component/PostList.test.js
  ● Console

    console.log
      🚀 API Base URL: http://192.168.0.14:8000

      at Object.<anonymous> (src/config/apiConfig.js:25:9)

PASS src/Board/free_posts/free_posts_Component/Comment.test.js
  ● Console

    console.log
      🚀 API Base URL: http://192.168.0.14:8000

      at Object.<anonymous> (src/config/apiConfig.js:25:9)

PASS src/Club/Club_Card/club_profile_card.test.js
PASS src/__mocks__/styleMock.test.js
  ● Console

    console.error
      Warning: <styleMock /> is using incorrect casing. Use PascalCase for React components, or lowercase for HTML elements.
          at styleMock
          at Router (/home/ssj4358/GWNU-WonJu-club/frontend/node_modules/react-router/lib/components.tsx:413:13)
          at BrowserRouter (/home/ssj4358/GWNU-WonJu-club/frontend/node_modules/react-router-dom/index.tsx:767:3)
          at Provider (/home/ssj4358/GWNU-WonJu-club/frontend/node_modules/react-redux/src/components/Provider.tsx:60:11)
          at TestWrapper (/home/ssj4358/GWNU-WonJu-club/frontend/src/__mocks__/styleMock.test.js:25:24)

      297 |       return;
      298 |     }
    > 299 |     originalError.call(console, ...args);
          |                   ^
      300 |   };
      301 | });
      302 |

      at console.error (src/setupTests.js:299:19)
      at printWarning (node_modules/react-dom/cjs/react-dom.development.js:86:30)
      at error (node_modules/react-dom/cjs/react-dom.development.js:60:7)
      at createElement (node_modules/react-dom/cjs/react-dom.development.js:9761:9)
      at createInstance (node_modules/react-dom/cjs/react-dom.development.js:10941:20)
      at completeWork (node_modules/react-dom/cjs/react-dom.development.js:22226:28)
      at completeUnitOfWork (node_modules/react-dom/cjs/react-dom.development.js:26632:16)
      at performUnitOfWork (node_modules/react-dom/cjs/react-dom.development.js:26607:5)
      at workLoopSync (node_modules/react-dom/cjs/react-dom.development.js:26505:5)
      at renderRootSync (node_modules/react-dom/cjs/react-dom.development.js:26473:7)
      at performConcurrentWorkOnRoot (node_modules/react-dom/cjs/react-dom.development.js:25777:74)
      at flushActQueue (node_modules/react/cjs/react.development.js:2667:24)
      at act (node_modules/react/cjs/react.development.js:2582:11)
      at node_modules/@testing-library/react/dist/act-compat.js:47:25
      at renderRoot (node_modules/@testing-library/react/dist/pure.js:180:26)
      at render (node_modules/@testing-library/react/dist/pure.js:271:10)
      at Object.<anonymous> (src/__mocks__/styleMock.test.js:43:13)

    console.error
      Warning: The tag <styleMock> is unrecognized in this browser. If you meant to render a React component, start its name with an uppercase letter.
          at styleMock
          at Router (/home/ssj4358/GWNU-WonJu-club/frontend/node_modules/react-router/lib/components.tsx:413:13)
          at BrowserRouter (/home/ssj4358/GWNU-WonJu-club/frontend/node_modules/react-router-dom/index.tsx:767:3)
          at Provider (/home/ssj4358/GWNU-WonJu-club/frontend/node_modules/react-redux/src/components/Provider.tsx:60:11)
          at TestWrapper (/home/ssj4358/GWNU-WonJu-club/frontend/src/__mocks__/styleMock.test.js:25:24)

      297 |       return;
      298 |     }
    > 299 |     originalError.call(console, ...args);
          |                   ^
      300 |   };
      301 | });
      302 |

      at console.error (src/setupTests.js:299:19)
      at printWarning (node_modules/react-dom/cjs/react-dom.development.js:86:30)
      at error (node_modules/react-dom/cjs/react-dom.development.js:60:7)
      at createElement (node_modules/react-dom/cjs/react-dom.development.js:9816:9)
      at createInstance (node_modules/react-dom/cjs/react-dom.development.js:10941:20)
      at completeWork (node_modules/react-dom/cjs/react-dom.development.js:22226:28)
      at completeUnitOfWork (node_modules/react-dom/cjs/react-dom.development.js:26632:16)
      at performUnitOfWork (node_modules/react-dom/cjs/react-dom.development.js:26607:5)
      at workLoopSync (node_modules/react-dom/cjs/react-dom.development.js:26505:5)
      at renderRootSync (node_modules/react-dom/cjs/react-dom.development.js:26473:7)
      at performConcurrentWorkOnRoot (node_modules/react-dom/cjs/react-dom.development.js:25777:74)
      at flushActQueue (node_modules/react/cjs/react.development.js:2667:24)
      at act (node_modules/react/cjs/react.development.js:2582:11)
      at node_modules/@testing-library/react/dist/act-compat.js:47:25
      at renderRoot (node_modules/@testing-library/react/dist/pure.js:180:26)
      at render (node_modules/@testing-library/react/dist/pure.js:271:10)
      at Object.<anonymous> (src/__mocks__/styleMock.test.js:43:13)

PASS src/Club/Club_Component/Club_members.test.js
  ● Console

    console.log
      🚀 API Base URL: http://192.168.0.14:8000

      at Object.<anonymous> (src/config/apiConfig.js:25:9)

    console.log
      undefined

      at src/Club/Club_Component/Club_members.js:17:13

    console.error
      Error fetching club members: TypeError: Cannot read properties of undefined (reading 'data')
          at fetchMembers (/home/ssj4358/GWNU-WonJu-club/frontend/src/Club/Club_Component/Club_members.js:21:29)
          at processTicksAndRejections (node:internal/process/task_queues:95:5)

      297 |       return;
      298 |     }
    > 299 |     originalError.call(console, ...args);
          |                   ^
      300 |   };
      301 | });
      302 |

      at console.error (src/setupTests.js:299:19)
      at fetchMembers (src/Club/Club_Component/Club_members.js:23:17)

PASS src/Club_Introduce/ClubIntroducePage.test.js
  ● Console

    console.log
      🚀 API Base URL: http://192.168.0.14:8000

      at Object.<anonymous> (src/config/apiConfig.js:25:9)

PASS src/Board/free_posts/free_posts_Component/Data.test.js
  ● Console

    console.log
      🚀 API Base URL: http://192.168.0.14:8000

      at Object.<anonymous> (src/config/apiConfig.js:25:9)

    console.error
      Error: Uncaught [Error: Element type is invalid: expected a string (for built-in components) or a class/function (for composite components) but got: object.]
          at reportException (/home/ssj4358/GWNU-WonJu-club/frontend/node_modules/jsdom/lib/jsdom/living/helpers/runtime-script-errors.js:66:24)
          at innerInvokeEventListeners (/home/ssj4358/GWNU-WonJu-club/frontend/node_modules/jsdom/lib/jsdom/living/events/EventTarget-impl.js:341:9)
          at invokeEventListeners (/home/ssj4358/GWNU-WonJu-club/frontend/node_modules/jsdom/lib/jsdom/living/events/EventTarget-impl.js:274:3)
          at HTMLUnknownElementImpl._dispatch (/home/ssj4358/GWNU-WonJu-club/frontend/node_modules/jsdom/lib/jsdom/living/events/EventTarget-impl.js:221:9)
          at HTMLUnknownElementImpl.dispatchEvent (/home/ssj4358/GWNU-WonJu-club/frontend/node_modules/jsdom/lib/jsdom/living/events/EventTarget-impl.js:94:17)
          at HTMLUnknownElement.dispatchEvent (/home/ssj4358/GWNU-WonJu-club/frontend/node_modules/jsdom/lib/jsdom/living/generated/EventTarget.js:231:34)
          at Object.invokeGuardedCallbackDev (/home/ssj4358/GWNU-WonJu-club/frontend/node_modules/react-dom/cjs/react-dom.development.js:4213:16)
          at invokeGuardedCallback (/home/ssj4358/GWNU-WonJu-club/frontend/node_modules/react-dom/cjs/react-dom.development.js:4277:31)
          at beginWork$1 (/home/ssj4358/GWNU-WonJu-club/frontend/node_modules/react-dom/cjs/react-dom.development.js:27490:7)
          at performUnitOfWork (/home/ssj4358/GWNU-WonJu-club/frontend/node_modules/react-dom/cjs/react-dom.development.js:26599:12)
          at workLoopSync (/home/ssj4358/GWNU-WonJu-club/frontend/node_modules/react-dom/cjs/react-dom.development.js:26505:5)
          at renderRootSync (/home/ssj4358/GWNU-WonJu-club/frontend/node_modules/react-dom/cjs/react-dom.development.js:26473:7)
          at performConcurrentWorkOnRoot (/home/ssj4358/GWNU-WonJu-club/frontend/node_modules/react-dom/cjs/react-dom.development.js:25777:74)
          at flushActQueue (/home/ssj4358/GWNU-WonJu-club/frontend/node_modules/react/cjs/react.development.js:2667:24)
          at act (/home/ssj4358/GWNU-WonJu-club/frontend/node_modules/react/cjs/react.development.js:2582:11)
          at /home/ssj4358/GWNU-WonJu-club/frontend/node_modules/@testing-library/react/dist/act-compat.js:47:25
          at renderRoot (/home/ssj4358/GWNU-WonJu-club/frontend/node_modules/@testing-library/react/dist/pure.js:180:26)
          at render (/home/ssj4358/GWNU-WonJu-club/frontend/node_modules/@testing-library/react/dist/pure.js:271:10)
          at Object.<anonymous> (/home/ssj4358/GWNU-WonJu-club/frontend/src/Board/free_posts/free_posts_Component/Data.test.js:43:13)
          at Promise.then.completed (/home/ssj4358/GWNU-WonJu-club/frontend/node_modules/jest-circus/build/utils.js:391:28)
          at new Promise (<anonymous>)
          at callAsyncCircusFn (/home/ssj4358/GWNU-WonJu-club/frontend/node_modules/jest-circus/build/utils.js:316:10)
          at _callCircusTest (/home/ssj4358/GWNU-WonJu-club/frontend/node_modules/jest-circus/build/run.js:218:40)
          at processTicksAndRejections (node:internal/process/task_queues:95:5)
          at _runTest (/home/ssj4358/GWNU-WonJu-club/frontend/node_modules/jest-circus/build/run.js:155:3)
          at _runTestsForDescribeBlock (/home/ssj4358/GWNU-WonJu-club/frontend/node_modules/jest-circus/build/run.js:66:9)
          at _runTestsForDescribeBlock (/home/ssj4358/GWNU-WonJu-club/frontend/node_modules/jest-circus/build/run.js:60:9)
          at run (/home/ssj4358/GWNU-WonJu-club/frontend/node_modules/jest-circus/build/run.js:25:3)
          at runAndTransformResultsToJestFormat (/home/ssj4358/GWNU-WonJu-club/frontend/node_modules/jest-circus/build/legacy-code-todo-rewrite/jestAdapterInit.js:170:21)
          at jestAdapter (/home/ssj4358/GWNU-WonJu-club/frontend/node_modules/jest-circus/build/legacy-code-todo-rewrite/jestAdapter.js:82:19)
          at runTestInternal (/home/ssj4358/GWNU-WonJu-club/frontend/node_modules/jest-runner/build/runTest.js:389:16)
          at runTest (/home/ssj4358/GWNU-WonJu-club/frontend/node_modules/jest-runner/build/runTest.js:475:34)
          at Object.worker (/home/ssj4358/GWNU-WonJu-club/frontend/node_modules/jest-runner/build/testWorker.js:133:12) Error: Element type is invalid: expected a string (for built-in components) or a class/function (for composite components) but got: object.
          at createFiberFromTypeAndProps (/home/ssj4358/GWNU-WonJu-club/frontend/node_modules/react-dom/cjs/react-dom.development.js:28478:17)
          at createFiberFromElement (/home/ssj4358/GWNU-WonJu-club/frontend/node_modules/react-dom/cjs/react-dom.development.js:28504:15)
          at reconcileSingleElement (/home/ssj4358/GWNU-WonJu-club/frontend/node_modules/react-dom/cjs/react-dom.development.js:13986:23)
          at reconcileChildFibers (/home/ssj4358/GWNU-WonJu-club/frontend/node_modules/react-dom/cjs/react-dom.development.js:14044:35)
          at reconcileChildren (/home/ssj4358/GWNU-WonJu-club/frontend/node_modules/react-dom/cjs/react-dom.development.js:19186:28)
          at updateContextProvider (/home/ssj4358/GWNU-WonJu-club/frontend/node_modules/react-dom/cjs/react-dom.development.js:21193:3)
          at beginWork (/home/ssj4358/GWNU-WonJu-club/frontend/node_modules/react-dom/cjs/react-dom.development.js:21688:14)
          at HTMLUnknownElement.callCallback (/home/ssj4358/GWNU-WonJu-club/frontend/node_modules/react-dom/cjs/react-dom.development.js:4164:14)
          at HTMLUnknownElement.callTheUserObjectsOperation (/home/ssj4358/GWNU-WonJu-club/frontend/node_modules/jsdom/lib/jsdom/living/generated/EventListener.js:26:30)
          at innerInvokeEventListeners (/home/ssj4358/GWNU-WonJu-club/frontend/node_modules/jsdom/lib/jsdom/living/events/EventTarget-impl.js:338:25)
          at invokeEventListeners (/home/ssj4358/GWNU-WonJu-club/frontend/node_modules/jsdom/lib/jsdom/living/events/EventTarget-impl.js:274:3)
          at HTMLUnknownElementImpl._dispatch (/home/ssj4358/GWNU-WonJu-club/frontend/node_modules/jsdom/lib/jsdom/living/events/EventTarget-impl.js:221:9)
          at HTMLUnknownElementImpl.dispatchEvent (/home/ssj4358/GWNU-WonJu-club/frontend/node_modules/jsdom/lib/jsdom/living/events/EventTarget-impl.js:94:17)
          at HTMLUnknownElement.dispatchEvent (/home/ssj4358/GWNU-WonJu-club/frontend/node_modules/jsdom/lib/jsdom/living/generated/EventTarget.js:231:34)
          at Object.invokeGuardedCallbackDev (/home/ssj4358/GWNU-WonJu-club/frontend/node_modules/react-dom/cjs/react-dom.development.js:4213:16)
          at invokeGuardedCallback (/home/ssj4358/GWNU-WonJu-club/frontend/node_modules/react-dom/cjs/react-dom.development.js:4277:31)
          at beginWork$1 (/home/ssj4358/GWNU-WonJu-club/frontend/node_modules/react-dom/cjs/react-dom.development.js:27490:7)
          at performUnitOfWork (/home/ssj4358/GWNU-WonJu-club/frontend/node_modules/react-dom/cjs/react-dom.development.js:26599:12)
          at workLoopSync (/home/ssj4358/GWNU-WonJu-club/frontend/node_modules/react-dom/cjs/react-dom.development.js:26505:5)
          at renderRootSync (/home/ssj4358/GWNU-WonJu-club/frontend/node_modules/react-dom/cjs/react-dom.development.js:26473:7)
          at performConcurrentWorkOnRoot (/home/ssj4358/GWNU-WonJu-club/frontend/node_modules/react-dom/cjs/react-dom.development.js:25777:74)
          at flushActQueue (/home/ssj4358/GWNU-WonJu-club/frontend/node_modules/react/cjs/react.development.js:2667:24)
          at act (/home/ssj4358/GWNU-WonJu-club/frontend/node_modules/react/cjs/react.development.js:2582:11)
          at /home/ssj4358/GWNU-WonJu-club/frontend/node_modules/@testing-library/react/dist/act-compat.js:47:25
          at renderRoot (/home/ssj4358/GWNU-WonJu-club/frontend/node_modules/@testing-library/react/dist/pure.js:180:26)
          at render (/home/ssj4358/GWNU-WonJu-club/frontend/node_modules/@testing-library/react/dist/pure.js:271:10)
          at Object.<anonymous> (/home/ssj4358/GWNU-WonJu-club/frontend/src/Board/free_posts/free_posts_Component/Data.test.js:43:13)
          at Promise.then.completed (/home/ssj4358/GWNU-WonJu-club/frontend/node_modules/jest-circus/build/utils.js:391:28)
          at new Promise (<anonymous>)
          at callAsyncCircusFn (/home/ssj4358/GWNU-WonJu-club/frontend/node_modules/jest-circus/build/utils.js:316:10)
          at _callCircusTest (/home/ssj4358/GWNU-WonJu-club/frontend/node_modules/jest-circus/build/run.js:218:40)
          at processTicksAndRejections (node:internal/process/task_queues:95:5)
          at _runTest (/home/ssj4358/GWNU-WonJu-club/frontend/node_modules/jest-circus/build/run.js:155:3)
          at _runTestsForDescribeBlock (/home/ssj4358/GWNU-WonJu-club/frontend/node_modules/jest-circus/build/run.js:66:9)
          at _runTestsForDescribeBlock (/home/ssj4358/GWNU-WonJu-club/frontend/node_modules/jest-circus/build/run.js:60:9)
          at run (/home/ssj4358/GWNU-WonJu-club/frontend/node_modules/jest-circus/build/run.js:25:3)
          at runAndTransformResultsToJestFormat (/home/ssj4358/GWNU-WonJu-club/frontend/node_modules/jest-circus/build/legacy-code-todo-rewrite/jestAdapterInit.js:170:21)
          at jestAdapter (/home/ssj4358/GWNU-WonJu-club/frontend/node_modules/jest-circus/build/legacy-code-todo-rewrite/jestAdapter.js:82:19)
          at runTestInternal (/home/ssj4358/GWNU-WonJu-club/frontend/node_modules/jest-runner/build/runTest.js:389:16)
          at runTest (/home/ssj4358/GWNU-WonJu-club/frontend/node_modules/jest-runner/build/runTest.js:475:34)
          at Object.worker (/home/ssj4358/GWNU-WonJu-club/frontend/node_modules/jest-runner/build/testWorker.js:133:12)

      297 |       return;
      298 |     }
    > 299 |     originalError.call(console, ...args);
          |                   ^
      300 |   };
      301 | });
      302 |

      at console.error (src/setupTests.js:299:19)
      at VirtualConsole.<anonymous> (node_modules/jsdom/lib/jsdom/virtual-console.js:29:45)
      at reportException (node_modules/jsdom/lib/jsdom/living/helpers/runtime-script-errors.js:70:28)
      at innerInvokeEventListeners (node_modules/jsdom/lib/jsdom/living/events/EventTarget-impl.js:341:9)
      at invokeEventListeners (node_modules/jsdom/lib/jsdom/living/events/EventTarget-impl.js:274:3)
      at HTMLUnknownElementImpl._dispatch (node_modules/jsdom/lib/jsdom/living/events/EventTarget-impl.js:221:9)
      at HTMLUnknownElementImpl.dispatchEvent (node_modules/jsdom/lib/jsdom/living/events/EventTarget-impl.js:94:17)
      at HTMLUnknownElement.dispatchEvent (node_modules/jsdom/lib/jsdom/living/generated/EventTarget.js:231:34)
      at Object.invokeGuardedCallbackDev (node_modules/react-dom/cjs/react-dom.development.js:4213:16)
      at invokeGuardedCallback (node_modules/react-dom/cjs/react-dom.development.js:4277:31)
      at beginWork$1 (node_modules/react-dom/cjs/react-dom.development.js:27490:7)
      at performUnitOfWork (node_modules/react-dom/cjs/react-dom.development.js:26599:12)
      at workLoopSync (node_modules/react-dom/cjs/react-dom.development.js:26505:5)
      at renderRootSync (node_modules/react-dom/cjs/react-dom.development.js:26473:7)
      at performConcurrentWorkOnRoot (node_modules/react-dom/cjs/react-dom.development.js:25777:74)
      at flushActQueue (node_modules/react/cjs/react.development.js:2667:24)
      at act (node_modules/react/cjs/react.development.js:2582:11)
      at node_modules/@testing-library/react/dist/act-compat.js:47:25
      at renderRoot (node_modules/@testing-library/react/dist/pure.js:180:26)
      at render (node_modules/@testing-library/react/dist/pure.js:271:10)
      at Object.<anonymous> (src/Board/free_posts/free_posts_Component/Data.test.js:43:13)

    console.error
      Error: Uncaught [Error: Element type is invalid: expected a string (for built-in components) or a class/function (for composite components) but got: object.]
          at reportException (/home/ssj4358/GWNU-WonJu-club/frontend/node_modules/jsdom/lib/jsdom/living/helpers/runtime-script-errors.js:66:24)
          at innerInvokeEventListeners (/home/ssj4358/GWNU-WonJu-club/frontend/node_modules/jsdom/lib/jsdom/living/events/EventTarget-impl.js:341:9)
          at invokeEventListeners (/home/ssj4358/GWNU-WonJu-club/frontend/node_modules/jsdom/lib/jsdom/living/events/EventTarget-impl.js:274:3)
          at HTMLUnknownElementImpl._dispatch (/home/ssj4358/GWNU-WonJu-club/frontend/node_modules/jsdom/lib/jsdom/living/events/EventTarget-impl.js:221:9)
          at HTMLUnknownElementImpl.dispatchEvent (/home/ssj4358/GWNU-WonJu-club/frontend/node_modules/jsdom/lib/jsdom/living/events/EventTarget-impl.js:94:17)
          at HTMLUnknownElement.dispatchEvent (/home/ssj4358/GWNU-WonJu-club/frontend/node_modules/jsdom/lib/jsdom/living/generated/EventTarget.js:231:34)
          at Object.invokeGuardedCallbackDev (/home/ssj4358/GWNU-WonJu-club/frontend/node_modules/react-dom/cjs/react-dom.development.js:4213:16)
          at invokeGuardedCallback (/home/ssj4358/GWNU-WonJu-club/frontend/node_modules/react-dom/cjs/react-dom.development.js:4277:31)
          at beginWork$1 (/home/ssj4358/GWNU-WonJu-club/frontend/node_modules/react-dom/cjs/react-dom.development.js:27490:7)
          at performUnitOfWork (/home/ssj4358/GWNU-WonJu-club/frontend/node_modules/react-dom/cjs/react-dom.development.js:26599:12)
          at workLoopSync (/home/ssj4358/GWNU-WonJu-club/frontend/node_modules/react-dom/cjs/react-dom.development.js:26505:5)
          at renderRootSync (/home/ssj4358/GWNU-WonJu-club/frontend/node_modules/react-dom/cjs/react-dom.development.js:26473:7)
          at recoverFromConcurrentError (/home/ssj4358/GWNU-WonJu-club/frontend/node_modules/react-dom/cjs/react-dom.development.js:25889:20)
          at performConcurrentWorkOnRoot (/home/ssj4358/GWNU-WonJu-club/frontend/node_modules/react-dom/cjs/react-dom.development.js:25789:22)
          at flushActQueue (/home/ssj4358/GWNU-WonJu-club/frontend/node_modules/react/cjs/react.development.js:2667:24)
          at act (/home/ssj4358/GWNU-WonJu-club/frontend/node_modules/react/cjs/react.development.js:2582:11)
          at /home/ssj4358/GWNU-WonJu-club/frontend/node_modules/@testing-library/react/dist/act-compat.js:47:25
          at renderRoot (/home/ssj4358/GWNU-WonJu-club/frontend/node_modules/@testing-library/react/dist/pure.js:180:26)
          at render (/home/ssj4358/GWNU-WonJu-club/frontend/node_modules/@testing-library/react/dist/pure.js:271:10)
          at Object.<anonymous> (/home/ssj4358/GWNU-WonJu-club/frontend/src/Board/free_posts/free_posts_Component/Data.test.js:43:13)
          at Promise.then.completed (/home/ssj4358/GWNU-WonJu-club/frontend/node_modules/jest-circus/build/utils.js:391:28)
          at new Promise (<anonymous>)
          at callAsyncCircusFn (/home/ssj4358/GWNU-WonJu-club/frontend/node_modules/jest-circus/build/utils.js:316:10)
          at _callCircusTest (/home/ssj4358/GWNU-WonJu-club/frontend/node_modules/jest-circus/build/run.js:218:40)
          at processTicksAndRejections (node:internal/process/task_queues:95:5)
          at _runTest (/home/ssj4358/GWNU-WonJu-club/frontend/node_modules/jest-circus/build/run.js:155:3)
          at _runTestsForDescribeBlock (/home/ssj4358/GWNU-WonJu-club/frontend/node_modules/jest-circus/build/run.js:66:9)
          at _runTestsForDescribeBlock (/home/ssj4358/GWNU-WonJu-club/frontend/node_modules/jest-circus/build/run.js:60:9)
          at run (/home/ssj4358/GWNU-WonJu-club/frontend/node_modules/jest-circus/build/run.js:25:3)
          at runAndTransformResultsToJestFormat (/home/ssj4358/GWNU-WonJu-club/frontend/node_modules/jest-circus/build/legacy-code-todo-rewrite/jestAdapterInit.js:170:21)
          at jestAdapter (/home/ssj4358/GWNU-WonJu-club/frontend/node_modules/jest-circus/build/legacy-code-todo-rewrite/jestAdapter.js:82:19)
          at runTestInternal (/home/ssj4358/GWNU-WonJu-club/frontend/node_modules/jest-runner/build/runTest.js:389:16)
          at runTest (/home/ssj4358/GWNU-WonJu-club/frontend/node_modules/jest-runner/build/runTest.js:475:34)
          at Object.worker (/home/ssj4358/GWNU-WonJu-club/frontend/node_modules/jest-runner/build/testWorker.js:133:12) Error: Element type is invalid: expected a string (for built-in components) or a class/function (for composite components) but got: object.
          at createFiberFromTypeAndProps (/home/ssj4358/GWNU-WonJu-club/frontend/node_modules/react-dom/cjs/react-dom.development.js:28478:17)
          at createFiberFromElement (/home/ssj4358/GWNU-WonJu-club/frontend/node_modules/react-dom/cjs/react-dom.development.js:28504:15)
          at reconcileSingleElement (/home/ssj4358/GWNU-WonJu-club/frontend/node_modules/react-dom/cjs/react-dom.development.js:13986:23)
          at reconcileChildFibers (/home/ssj4358/GWNU-WonJu-club/frontend/node_modules/react-dom/cjs/react-dom.development.js:14044:35)
          at reconcileChildren (/home/ssj4358/GWNU-WonJu-club/frontend/node_modules/react-dom/cjs/react-dom.development.js:19186:28)
          at updateContextProvider (/home/ssj4358/GWNU-WonJu-club/frontend/node_modules/react-dom/cjs/react-dom.development.js:21193:3)
          at beginWork (/home/ssj4358/GWNU-WonJu-club/frontend/node_modules/react-dom/cjs/react-dom.development.js:21688:14)
          at HTMLUnknownElement.callCallback (/home/ssj4358/GWNU-WonJu-club/frontend/node_modules/react-dom/cjs/react-dom.development.js:4164:14)
          at HTMLUnknownElement.callTheUserObjectsOperation (/home/ssj4358/GWNU-WonJu-club/frontend/node_modules/jsdom/lib/jsdom/living/generated/EventListener.js:26:30)
          at innerInvokeEventListeners (/home/ssj4358/GWNU-WonJu-club/frontend/node_modules/jsdom/lib/jsdom/living/events/EventTarget-impl.js:338:25)
          at invokeEventListeners (/home/ssj4358/GWNU-WonJu-club/frontend/node_modules/jsdom/lib/jsdom/living/events/EventTarget-impl.js:274:3)
          at HTMLUnknownElementImpl._dispatch (/home/ssj4358/GWNU-WonJu-club/frontend/node_modules/jsdom/lib/jsdom/living/events/EventTarget-impl.js:221:9)
          at HTMLUnknownElementImpl.dispatchEvent (/home/ssj4358/GWNU-WonJu-club/frontend/node_modules/jsdom/lib/jsdom/living/events/EventTarget-impl.js:94:17)
          at HTMLUnknownElement.dispatchEvent (/home/ssj4358/GWNU-WonJu-club/frontend/node_modules/jsdom/lib/jsdom/living/generated/EventTarget.js:231:34)
          at Object.invokeGuardedCallbackDev (/home/ssj4358/GWNU-WonJu-club/frontend/node_modules/react-dom/cjs/react-dom.development.js:4213:16)
          at invokeGuardedCallback (/home/ssj4358/GWNU-WonJu-club/frontend/node_modules/react-dom/cjs/react-dom.development.js:4277:31)
          at beginWork$1 (/home/ssj4358/GWNU-WonJu-club/frontend/node_modules/react-dom/cjs/react-dom.development.js:27490:7)
          at performUnitOfWork (/home/ssj4358/GWNU-WonJu-club/frontend/node_modules/react-dom/cjs/react-dom.development.js:26599:12)
          at workLoopSync (/home/ssj4358/GWNU-WonJu-club/frontend/node_modules/react-dom/cjs/react-dom.development.js:26505:5)
          at renderRootSync (/home/ssj4358/GWNU-WonJu-club/frontend/node_modules/react-dom/cjs/react-dom.development.js:26473:7)
          at recoverFromConcurrentError (/home/ssj4358/GWNU-WonJu-club/frontend/node_modules/react-dom/cjs/react-dom.development.js:25889:20)
          at performConcurrentWorkOnRoot (/home/ssj4358/GWNU-WonJu-club/frontend/node_modules/react-dom/cjs/react-dom.development.js:25789:22)
          at flushActQueue (/home/ssj4358/GWNU-WonJu-club/frontend/node_modules/react/cjs/react.development.js:2667:24)
          at act (/home/ssj4358/GWNU-WonJu-club/frontend/node_modules/react/cjs/react.development.js:2582:11)
          at /home/ssj4358/GWNU-WonJu-club/frontend/node_modules/@testing-library/react/dist/act-compat.js:47:25
          at renderRoot (/home/ssj4358/GWNU-WonJu-club/frontend/node_modules/@testing-library/react/dist/pure.js:180:26)
          at render (/home/ssj4358/GWNU-WonJu-club/frontend/node_modules/@testing-library/react/dist/pure.js:271:10)
          at Object.<anonymous> (/home/ssj4358/GWNU-WonJu-club/frontend/src/Board/free_posts/free_posts_Component/Data.test.js:43:13)
          at Promise.then.completed (/home/ssj4358/GWNU-WonJu-club/frontend/node_modules/jest-circus/build/utils.js:391:28)
          at new Promise (<anonymous>)
          at callAsyncCircusFn (/home/ssj4358/GWNU-WonJu-club/frontend/node_modules/jest-circus/build/utils.js:316:10)
          at _callCircusTest (/home/ssj4358/GWNU-WonJu-club/frontend/node_modules/jest-circus/build/run.js:218:40)
          at processTicksAndRejections (node:internal/process/task_queues:95:5)
          at _runTest (/home/ssj4358/GWNU-WonJu-club/frontend/node_modules/jest-circus/build/run.js:155:3)
          at _runTestsForDescribeBlock (/home/ssj4358/GWNU-WonJu-club/frontend/node_modules/jest-circus/build/run.js:66:9)
          at _runTestsForDescribeBlock (/home/ssj4358/GWNU-WonJu-club/frontend/node_modules/jest-circus/build/run.js:60:9)
          at run (/home/ssj4358/GWNU-WonJu-club/frontend/node_modules/jest-circus/build/run.js:25:3)
          at runAndTransformResultsToJestFormat (/home/ssj4358/GWNU-WonJu-club/frontend/node_modules/jest-circus/build/legacy-code-todo-rewrite/jestAdapterInit.js:170:21)
          at jestAdapter (/home/ssj4358/GWNU-WonJu-club/frontend/node_modules/jest-circus/build/legacy-code-todo-rewrite/jestAdapter.js:82:19)
          at runTestInternal (/home/ssj4358/GWNU-WonJu-club/frontend/node_modules/jest-runner/build/runTest.js:389:16)
          at runTest (/home/ssj4358/GWNU-WonJu-club/frontend/node_modules/jest-runner/build/runTest.js:475:34)
          at Object.worker (/home/ssj4358/GWNU-WonJu-club/frontend/node_modules/jest-runner/build/testWorker.js:133:12)

      297 |       return;
      298 |     }
    > 299 |     originalError.call(console, ...args);
          |                   ^
      300 |   };
      301 | });
      302 |

      at console.error (src/setupTests.js:299:19)
      at VirtualConsole.<anonymous> (node_modules/jsdom/lib/jsdom/virtual-console.js:29:45)
      at reportException (node_modules/jsdom/lib/jsdom/living/helpers/runtime-script-errors.js:70:28)
      at innerInvokeEventListeners (node_modules/jsdom/lib/jsdom/living/events/EventTarget-impl.js:341:9)
      at invokeEventListeners (node_modules/jsdom/lib/jsdom/living/events/EventTarget-impl.js:274:3)
      at HTMLUnknownElementImpl._dispatch (node_modules/jsdom/lib/jsdom/living/events/EventTarget-impl.js:221:9)
      at HTMLUnknownElementImpl.dispatchEvent (node_modules/jsdom/lib/jsdom/living/events/EventTarget-impl.js:94:17)
      at HTMLUnknownElement.dispatchEvent (node_modules/jsdom/lib/jsdom/living/generated/EventTarget.js:231:34)
      at Object.invokeGuardedCallbackDev (node_modules/react-dom/cjs/react-dom.development.js:4213:16)
      at invokeGuardedCallback (node_modules/react-dom/cjs/react-dom.development.js:4277:31)
      at beginWork$1 (node_modules/react-dom/cjs/react-dom.development.js:27490:7)
      at performUnitOfWork (node_modules/react-dom/cjs/react-dom.development.js:26599:12)
      at workLoopSync (node_modules/react-dom/cjs/react-dom.development.js:26505:5)
      at renderRootSync (node_modules/react-dom/cjs/react-dom.development.js:26473:7)
      at recoverFromConcurrentError (node_modules/react-dom/cjs/react-dom.development.js:25889:20)
      at performConcurrentWorkOnRoot (node_modules/react-dom/cjs/react-dom.development.js:25789:22)
      at flushActQueue (node_modules/react/cjs/react.development.js:2667:24)
      at act (node_modules/react/cjs/react.development.js:2582:11)
      at node_modules/@testing-library/react/dist/act-compat.js:47:25
      at renderRoot (node_modules/@testing-library/react/dist/pure.js:180:26)
      at render (node_modules/@testing-library/react/dist/pure.js:271:10)
      at Object.<anonymous> (src/Board/free_posts/free_posts_Component/Data.test.js:43:13)

PASS src/Mypage/ChangePassword.test.js
  ● Console

    console.log
      🚀 API Base URL: http://192.168.0.14:8000

      at Object.<anonymous> (src/config/apiConfig.js:25:9)

PASS src/Main/Main_Component/CreateNotice.test.js
  ● Console

    console.log
      🚀 API Base URL: http://192.168.0.14:8000

      at Object.<anonymous> (src/config/apiConfig.js:25:9)

    console.error
      Error: Uncaught [Error: Element type is invalid: expected a string (for built-in components) or a class/function (for composite components) but got: undefined. You likely forgot to export your component from the file it's defined in, or you might have mixed up default and named imports.
      
      Check the render method of `CreateNotice`.]
          at reportException (/home/ssj4358/GWNU-WonJu-club/frontend/node_modules/jsdom/lib/jsdom/living/helpers/runtime-script-errors.js:66:24)
          at innerInvokeEventListeners (/home/ssj4358/GWNU-WonJu-club/frontend/node_modules/jsdom/lib/jsdom/living/events/EventTarget-impl.js:341:9)
          at invokeEventListeners (/home/ssj4358/GWNU-WonJu-club/frontend/node_modules/jsdom/lib/jsdom/living/events/EventTarget-impl.js:274:3)
          at HTMLUnknownElementImpl._dispatch (/home/ssj4358/GWNU-WonJu-club/frontend/node_modules/jsdom/lib/jsdom/living/events/EventTarget-impl.js:221:9)
          at HTMLUnknownElementImpl.dispatchEvent (/home/ssj4358/GWNU-WonJu-club/frontend/node_modules/jsdom/lib/jsdom/living/events/EventTarget-impl.js:94:17)
          at HTMLUnknownElement.dispatchEvent (/home/ssj4358/GWNU-WonJu-club/frontend/node_modules/jsdom/lib/jsdom/living/generated/EventTarget.js:231:34)
          at Object.invokeGuardedCallbackDev (/home/ssj4358/GWNU-WonJu-club/frontend/node_modules/react-dom/cjs/react-dom.development.js:4213:16)
          at invokeGuardedCallback (/home/ssj4358/GWNU-WonJu-club/frontend/node_modules/react-dom/cjs/react-dom.development.js:4277:31)
          at beginWork$1 (/home/ssj4358/GWNU-WonJu-club/frontend/node_modules/react-dom/cjs/react-dom.development.js:27490:7)
          at performUnitOfWork (/home/ssj4358/GWNU-WonJu-club/frontend/node_modules/react-dom/cjs/react-dom.development.js:26599:12)
          at workLoopSync (/home/ssj4358/GWNU-WonJu-club/frontend/node_modules/react-dom/cjs/react-dom.development.js:26505:5)
          at renderRootSync (/home/ssj4358/GWNU-WonJu-club/frontend/node_modules/react-dom/cjs/react-dom.development.js:26473:7)
          at performConcurrentWorkOnRoot (/home/ssj4358/GWNU-WonJu-club/frontend/node_modules/react-dom/cjs/react-dom.development.js:25777:74)
          at flushActQueue (/home/ssj4358/GWNU-WonJu-club/frontend/node_modules/react/cjs/react.development.js:2667:24)
          at act (/home/ssj4358/GWNU-WonJu-club/frontend/node_modules/react/cjs/react.development.js:2582:11)
          at /home/ssj4358/GWNU-WonJu-club/frontend/node_modules/@testing-library/react/dist/act-compat.js:47:25
          at renderRoot (/home/ssj4358/GWNU-WonJu-club/frontend/node_modules/@testing-library/react/dist/pure.js:180:26)
          at render (/home/ssj4358/GWNU-WonJu-club/frontend/node_modules/@testing-library/react/dist/pure.js:271:10)
          at Object.<anonymous> (/home/ssj4358/GWNU-WonJu-club/frontend/src/Main/Main_Component/CreateNotice.test.js:43:13)
          at Promise.then.completed (/home/ssj4358/GWNU-WonJu-club/frontend/node_modules/jest-circus/build/utils.js:391:28)
          at new Promise (<anonymous>)
          at callAsyncCircusFn (/home/ssj4358/GWNU-WonJu-club/frontend/node_modules/jest-circus/build/utils.js:316:10)
          at _callCircusTest (/home/ssj4358/GWNU-WonJu-club/frontend/node_modules/jest-circus/build/run.js:218:40)
          at processTicksAndRejections (node:internal/process/task_queues:95:5)
          at _runTest (/home/ssj4358/GWNU-WonJu-club/frontend/node_modules/jest-circus/build/run.js:155:3)
          at _runTestsForDescribeBlock (/home/ssj4358/GWNU-WonJu-club/frontend/node_modules/jest-circus/build/run.js:66:9)
          at _runTestsForDescribeBlock (/home/ssj4358/GWNU-WonJu-club/frontend/node_modules/jest-circus/build/run.js:60:9)
          at run (/home/ssj4358/GWNU-WonJu-club/frontend/node_modules/jest-circus/build/run.js:25:3)
          at runAndTransformResultsToJestFormat (/home/ssj4358/GWNU-WonJu-club/frontend/node_modules/jest-circus/build/legacy-code-todo-rewrite/jestAdapterInit.js:170:21)
          at jestAdapter (/home/ssj4358/GWNU-WonJu-club/frontend/node_modules/jest-circus/build/legacy-code-todo-rewrite/jestAdapter.js:82:19)
          at runTestInternal (/home/ssj4358/GWNU-WonJu-club/frontend/node_modules/jest-runner/build/runTest.js:389:16)
          at runTest (/home/ssj4358/GWNU-WonJu-club/frontend/node_modules/jest-runner/build/runTest.js:475:34)
          at Object.worker (/home/ssj4358/GWNU-WonJu-club/frontend/node_modules/jest-runner/build/testWorker.js:133:12) Error: Element type is invalid: expected a string (for built-in components) or a class/function (for composite components) but got: undefined. You likely forgot to export your component from the file it's defined in, or you might have mixed up default and named imports.
      
      Check the render method of `CreateNotice`.
          at createFiberFromTypeAndProps (/home/ssj4358/GWNU-WonJu-club/frontend/node_modules/react-dom/cjs/react-dom.development.js:28478:17)
          at createFiberFromElement (/home/ssj4358/GWNU-WonJu-club/frontend/node_modules/react-dom/cjs/react-dom.development.js:28504:15)
          at createChild (/home/ssj4358/GWNU-WonJu-club/frontend/node_modules/react-dom/cjs/react-dom.development.js:13345:28)
          at reconcileChildrenArray (/home/ssj4358/GWNU-WonJu-club/frontend/node_modules/react-dom/cjs/react-dom.development.js:13640:25)
          at reconcileChildFibers (/home/ssj4358/GWNU-WonJu-club/frontend/node_modules/react-dom/cjs/react-dom.development.js:14057:16)
          at reconcileChildren (/home/ssj4358/GWNU-WonJu-club/frontend/node_modules/react-dom/cjs/react-dom.development.js:19186:28)
          at updateHostComponent (/home/ssj4358/GWNU-WonJu-club/frontend/node_modules/react-dom/cjs/react-dom.development.js:19953:3)
          at beginWork (/home/ssj4358/GWNU-WonJu-club/frontend/node_modules/react-dom/cjs/react-dom.development.js:21657:14)
          at HTMLUnknownElement.callCallback (/home/ssj4358/GWNU-WonJu-club/frontend/node_modules/react-dom/cjs/react-dom.development.js:4164:14)
          at HTMLUnknownElement.callTheUserObjectsOperation (/home/ssj4358/GWNU-WonJu-club/frontend/node_modules/jsdom/lib/jsdom/living/generated/EventListener.js:26:30)
          at innerInvokeEventListeners (/home/ssj4358/GWNU-WonJu-club/frontend/node_modules/jsdom/lib/jsdom/living/events/EventTarget-impl.js:338:25)
          at invokeEventListeners (/home/ssj4358/GWNU-WonJu-club/frontend/node_modules/jsdom/lib/jsdom/living/events/EventTarget-impl.js:274:3)
          at HTMLUnknownElementImpl._dispatch (/home/ssj4358/GWNU-WonJu-club/frontend/node_modules/jsdom/lib/jsdom/living/events/EventTarget-impl.js:221:9)
          at HTMLUnknownElementImpl.dispatchEvent (/home/ssj4358/GWNU-WonJu-club/frontend/node_modules/jsdom/lib/jsdom/living/events/EventTarget-impl.js:94:17)
          at HTMLUnknownElement.dispatchEvent (/home/ssj4358/GWNU-WonJu-club/frontend/node_modules/jsdom/lib/jsdom/living/generated/EventTarget.js:231:34)
          at Object.invokeGuardedCallbackDev (/home/ssj4358/GWNU-WonJu-club/frontend/node_modules/react-dom/cjs/react-dom.development.js:4213:16)
          at invokeGuardedCallback (/home/ssj4358/GWNU-WonJu-club/frontend/node_modules/react-dom/cjs/react-dom.development.js:4277:31)
          at beginWork$1 (/home/ssj4358/GWNU-WonJu-club/frontend/node_modules/react-dom/cjs/react-dom.development.js:27490:7)
          at performUnitOfWork (/home/ssj4358/GWNU-WonJu-club/frontend/node_modules/react-dom/cjs/react-dom.development.js:26599:12)
          at workLoopSync (/home/ssj4358/GWNU-WonJu-club/frontend/node_modules/react-dom/cjs/react-dom.development.js:26505:5)
          at renderRootSync (/home/ssj4358/GWNU-WonJu-club/frontend/node_modules/react-dom/cjs/react-dom.development.js:26473:7)
          at performConcurrentWorkOnRoot (/home/ssj4358/GWNU-WonJu-club/frontend/node_modules/react-dom/cjs/react-dom.development.js:25777:74)
          at flushActQueue (/home/ssj4358/GWNU-WonJu-club/frontend/node_modules/react/cjs/react.development.js:2667:24)
          at act (/home/ssj4358/GWNU-WonJu-club/frontend/node_modules/react/cjs/react.development.js:2582:11)
          at /home/ssj4358/GWNU-WonJu-club/frontend/node_modules/@testing-library/react/dist/act-compat.js:47:25
          at renderRoot (/home/ssj4358/GWNU-WonJu-club/frontend/node_modules/@testing-library/react/dist/pure.js:180:26)
          at render (/home/ssj4358/GWNU-WonJu-club/frontend/node_modules/@testing-library/react/dist/pure.js:271:10)
          at Object.<anonymous> (/home/ssj4358/GWNU-WonJu-club/frontend/src/Main/Main_Component/CreateNotice.test.js:43:13)
          at Promise.then.completed (/home/ssj4358/GWNU-WonJu-club/frontend/node_modules/jest-circus/build/utils.js:391:28)
          at new Promise (<anonymous>)
          at callAsyncCircusFn (/home/ssj4358/GWNU-WonJu-club/frontend/node_modules/jest-circus/build/utils.js:316:10)
          at _callCircusTest (/home/ssj4358/GWNU-WonJu-club/frontend/node_modules/jest-circus/build/run.js:218:40)
          at processTicksAndRejections (node:internal/process/task_queues:95:5)
          at _runTest (/home/ssj4358/GWNU-WonJu-club/frontend/node_modules/jest-circus/build/run.js:155:3)
          at _runTestsForDescribeBlock (/home/ssj4358/GWNU-WonJu-club/frontend/node_modules/jest-circus/build/run.js:66:9)
          at _runTestsForDescribeBlock (/home/ssj4358/GWNU-WonJu-club/frontend/node_modules/jest-circus/build/run.js:60:9)
          at run (/home/ssj4358/GWNU-WonJu-club/frontend/node_modules/jest-circus/build/run.js:25:3)
          at runAndTransformResultsToJestFormat (/home/ssj4358/GWNU-WonJu-club/frontend/node_modules/jest-circus/build/legacy-code-todo-rewrite/jestAdapterInit.js:170:21)
          at jestAdapter (/home/ssj4358/GWNU-WonJu-club/frontend/node_modules/jest-circus/build/legacy-code-todo-rewrite/jestAdapter.js:82:19)
          at runTestInternal (/home/ssj4358/GWNU-WonJu-club/frontend/node_modules/jest-runner/build/runTest.js:389:16)
          at runTest (/home/ssj4358/GWNU-WonJu-club/frontend/node_modules/jest-runner/build/runTest.js:475:34)
          at Object.worker (/home/ssj4358/GWNU-WonJu-club/frontend/node_modules/jest-runner/build/testWorker.js:133:12)

      297 |       return;
      298 |     }
    > 299 |     originalError.call(console, ...args);
          |                   ^
      300 |   };
      301 | });
      302 |

      at console.error (src/setupTests.js:299:19)
      at VirtualConsole.<anonymous> (node_modules/jsdom/lib/jsdom/virtual-console.js:29:45)
      at reportException (node_modules/jsdom/lib/jsdom/living/helpers/runtime-script-errors.js:70:28)
      at innerInvokeEventListeners (node_modules/jsdom/lib/jsdom/living/events/EventTarget-impl.js:341:9)
      at invokeEventListeners (node_modules/jsdom/lib/jsdom/living/events/EventTarget-impl.js:274:3)
      at HTMLUnknownElementImpl._dispatch (node_modules/jsdom/lib/jsdom/living/events/EventTarget-impl.js:221:9)
      at HTMLUnknownElementImpl.dispatchEvent (node_modules/jsdom/lib/jsdom/living/events/EventTarget-impl.js:94:17)
      at HTMLUnknownElement.dispatchEvent (node_modules/jsdom/lib/jsdom/living/generated/EventTarget.js:231:34)
      at Object.invokeGuardedCallbackDev (node_modules/react-dom/cjs/react-dom.development.js:4213:16)
      at invokeGuardedCallback (node_modules/react-dom/cjs/react-dom.development.js:4277:31)
      at beginWork$1 (node_modules/react-dom/cjs/react-dom.development.js:27490:7)
      at performUnitOfWork (node_modules/react-dom/cjs/react-dom.development.js:26599:12)
      at workLoopSync (node_modules/react-dom/cjs/react-dom.development.js:26505:5)
      at renderRootSync (node_modules/react-dom/cjs/react-dom.development.js:26473:7)
      at performConcurrentWorkOnRoot (node_modules/react-dom/cjs/react-dom.development.js:25777:74)
      at flushActQueue (node_modules/react/cjs/react.development.js:2667:24)
      at act (node_modules/react/cjs/react.development.js:2582:11)
      at node_modules/@testing-library/react/dist/act-compat.js:47:25
      at renderRoot (node_modules/@testing-library/react/dist/pure.js:180:26)
      at render (node_modules/@testing-library/react/dist/pure.js:271:10)
      at Object.<anonymous> (src/Main/Main_Component/CreateNotice.test.js:43:13)

    console.error
      Error: Uncaught [Error: Element type is invalid: expected a string (for built-in components) or a class/function (for composite components) but got: undefined. You likely forgot to export your component from the file it's defined in, or you might have mixed up default and named imports.
      
      Check the render method of `CreateNotice`.]
          at reportException (/home/ssj4358/GWNU-WonJu-club/frontend/node_modules/jsdom/lib/jsdom/living/helpers/runtime-script-errors.js:66:24)
          at innerInvokeEventListeners (/home/ssj4358/GWNU-WonJu-club/frontend/node_modules/jsdom/lib/jsdom/living/events/EventTarget-impl.js:341:9)
          at invokeEventListeners (/home/ssj4358/GWNU-WonJu-club/frontend/node_modules/jsdom/lib/jsdom/living/events/EventTarget-impl.js:274:3)
          at HTMLUnknownElementImpl._dispatch (/home/ssj4358/GWNU-WonJu-club/frontend/node_modules/jsdom/lib/jsdom/living/events/EventTarget-impl.js:221:9)
          at HTMLUnknownElementImpl.dispatchEvent (/home/ssj4358/GWNU-WonJu-club/frontend/node_modules/jsdom/lib/jsdom/living/events/EventTarget-impl.js:94:17)
          at HTMLUnknownElement.dispatchEvent (/home/ssj4358/GWNU-WonJu-club/frontend/node_modules/jsdom/lib/jsdom/living/generated/EventTarget.js:231:34)
          at Object.invokeGuardedCallbackDev (/home/ssj4358/GWNU-WonJu-club/frontend/node_modules/react-dom/cjs/react-dom.development.js:4213:16)
          at invokeGuardedCallback (/home/ssj4358/GWNU-WonJu-club/frontend/node_modules/react-dom/cjs/react-dom.development.js:4277:31)
          at beginWork$1 (/home/ssj4358/GWNU-WonJu-club/frontend/node_modules/react-dom/cjs/react-dom.development.js:27490:7)
          at performUnitOfWork (/home/ssj4358/GWNU-WonJu-club/frontend/node_modules/react-dom/cjs/react-dom.development.js:26599:12)
          at workLoopSync (/home/ssj4358/GWNU-WonJu-club/frontend/node_modules/react-dom/cjs/react-dom.development.js:26505:5)
          at renderRootSync (/home/ssj4358/GWNU-WonJu-club/frontend/node_modules/react-dom/cjs/react-dom.development.js:26473:7)
          at recoverFromConcurrentError (/home/ssj4358/GWNU-WonJu-club/frontend/node_modules/react-dom/cjs/react-dom.development.js:25889:20)
          at performConcurrentWorkOnRoot (/home/ssj4358/GWNU-WonJu-club/frontend/node_modules/react-dom/cjs/react-dom.development.js:25789:22)
          at flushActQueue (/home/ssj4358/GWNU-WonJu-club/frontend/node_modules/react/cjs/react.development.js:2667:24)
          at act (/home/ssj4358/GWNU-WonJu-club/frontend/node_modules/react/cjs/react.development.js:2582:11)
          at /home/ssj4358/GWNU-WonJu-club/frontend/node_modules/@testing-library/react/dist/act-compat.js:47:25
          at renderRoot (/home/ssj4358/GWNU-WonJu-club/frontend/node_modules/@testing-library/react/dist/pure.js:180:26)
          at render (/home/ssj4358/GWNU-WonJu-club/frontend/node_modules/@testing-library/react/dist/pure.js:271:10)
          at Object.<anonymous> (/home/ssj4358/GWNU-WonJu-club/frontend/src/Main/Main_Component/CreateNotice.test.js:43:13)
          at Promise.then.completed (/home/ssj4358/GWNU-WonJu-club/frontend/node_modules/jest-circus/build/utils.js:391:28)
          at new Promise (<anonymous>)
          at callAsyncCircusFn (/home/ssj4358/GWNU-WonJu-club/frontend/node_modules/jest-circus/build/utils.js:316:10)
          at _callCircusTest (/home/ssj4358/GWNU-WonJu-club/frontend/node_modules/jest-circus/build/run.js:218:40)
          at processTicksAndRejections (node:internal/process/task_queues:95:5)
          at _runTest (/home/ssj4358/GWNU-WonJu-club/frontend/node_modules/jest-circus/build/run.js:155:3)
          at _runTestsForDescribeBlock (/home/ssj4358/GWNU-WonJu-club/frontend/node_modules/jest-circus/build/run.js:66:9)
          at _runTestsForDescribeBlock (/home/ssj4358/GWNU-WonJu-club/frontend/node_modules/jest-circus/build/run.js:60:9)
          at run (/home/ssj4358/GWNU-WonJu-club/frontend/node_modules/jest-circus/build/run.js:25:3)
          at runAndTransformResultsToJestFormat (/home/ssj4358/GWNU-WonJu-club/frontend/node_modules/jest-circus/build/legacy-code-todo-rewrite/jestAdapterInit.js:170:21)
          at jestAdapter (/home/ssj4358/GWNU-WonJu-club/frontend/node_modules/jest-circus/build/legacy-code-todo-rewrite/jestAdapter.js:82:19)
          at runTestInternal (/home/ssj4358/GWNU-WonJu-club/frontend/node_modules/jest-runner/build/runTest.js:389:16)
          at runTest (/home/ssj4358/GWNU-WonJu-club/frontend/node_modules/jest-runner/build/runTest.js:475:34)
          at Object.worker (/home/ssj4358/GWNU-WonJu-club/frontend/node_modules/jest-runner/build/testWorker.js:133:12) Error: Element type is invalid: expected a string (for built-in components) or a class/function (for composite components) but got: undefined. You likely forgot to export your component from the file it's defined in, or you might have mixed up default and named imports.
      
      Check the render method of `CreateNotice`.
          at createFiberFromTypeAndProps (/home/ssj4358/GWNU-WonJu-club/frontend/node_modules/react-dom/cjs/react-dom.development.js:28478:17)
          at createFiberFromElement (/home/ssj4358/GWNU-WonJu-club/frontend/node_modules/react-dom/cjs/react-dom.development.js:28504:15)
          at createChild (/home/ssj4358/GWNU-WonJu-club/frontend/node_modules/react-dom/cjs/react-dom.development.js:13345:28)
          at reconcileChildrenArray (/home/ssj4358/GWNU-WonJu-club/frontend/node_modules/react-dom/cjs/react-dom.development.js:13640:25)
          at reconcileChildFibers (/home/ssj4358/GWNU-WonJu-club/frontend/node_modules/react-dom/cjs/react-dom.development.js:14057:16)
          at reconcileChildren (/home/ssj4358/GWNU-WonJu-club/frontend/node_modules/react-dom/cjs/react-dom.development.js:19186:28)
          at updateHostComponent (/home/ssj4358/GWNU-WonJu-club/frontend/node_modules/react-dom/cjs/react-dom.development.js:19953:3)
          at beginWork (/home/ssj4358/GWNU-WonJu-club/frontend/node_modules/react-dom/cjs/react-dom.development.js:21657:14)
          at HTMLUnknownElement.callCallback (/home/ssj4358/GWNU-WonJu-club/frontend/node_modules/react-dom/cjs/react-dom.development.js:4164:14)
          at HTMLUnknownElement.callTheUserObjectsOperation (/home/ssj4358/GWNU-WonJu-club/frontend/node_modules/jsdom/lib/jsdom/living/generated/EventListener.js:26:30)
          at innerInvokeEventListeners (/home/ssj4358/GWNU-WonJu-club/frontend/node_modules/jsdom/lib/jsdom/living/events/EventTarget-impl.js:338:25)
          at invokeEventListeners (/home/ssj4358/GWNU-WonJu-club/frontend/node_modules/jsdom/lib/jsdom/living/events/EventTarget-impl.js:274:3)
          at HTMLUnknownElementImpl._dispatch (/home/ssj4358/GWNU-WonJu-club/frontend/node_modules/jsdom/lib/jsdom/living/events/EventTarget-impl.js:221:9)
          at HTMLUnknownElementImpl.dispatchEvent (/home/ssj4358/GWNU-WonJu-club/frontend/node_modules/jsdom/lib/jsdom/living/events/EventTarget-impl.js:94:17)
          at HTMLUnknownElement.dispatchEvent (/home/ssj4358/GWNU-WonJu-club/frontend/node_modules/jsdom/lib/jsdom/living/generated/EventTarget.js:231:34)
          at Object.invokeGuardedCallbackDev (/home/ssj4358/GWNU-WonJu-club/frontend/node_modules/react-dom/cjs/react-dom.development.js:4213:16)
          at invokeGuardedCallback (/home/ssj4358/GWNU-WonJu-club/frontend/node_modules/react-dom/cjs/react-dom.development.js:4277:31)
          at beginWork$1 (/home/ssj4358/GWNU-WonJu-club/frontend/node_modules/react-dom/cjs/react-dom.development.js:27490:7)
          at performUnitOfWork (/home/ssj4358/GWNU-WonJu-club/frontend/node_modules/react-dom/cjs/react-dom.development.js:26599:12)
          at workLoopSync (/home/ssj4358/GWNU-WonJu-club/frontend/node_modules/react-dom/cjs/react-dom.development.js:26505:5)
          at renderRootSync (/home/ssj4358/GWNU-WonJu-club/frontend/node_modules/react-dom/cjs/react-dom.development.js:26473:7)
          at recoverFromConcurrentError (/home/ssj4358/GWNU-WonJu-club/frontend/node_modules/react-dom/cjs/react-dom.development.js:25889:20)
          at performConcurrentWorkOnRoot (/home/ssj4358/GWNU-WonJu-club/frontend/node_modules/react-dom/cjs/react-dom.development.js:25789:22)
          at flushActQueue (/home/ssj4358/GWNU-WonJu-club/frontend/node_modules/react/cjs/react.development.js:2667:24)
          at act (/home/ssj4358/GWNU-WonJu-club/frontend/node_modules/react/cjs/react.development.js:2582:11)
          at /home/ssj4358/GWNU-WonJu-club/frontend/node_modules/@testing-library/react/dist/act-compat.js:47:25
          at renderRoot (/home/ssj4358/GWNU-WonJu-club/frontend/node_modules/@testing-library/react/dist/pure.js:180:26)
          at render (/home/ssj4358/GWNU-WonJu-club/frontend/node_modules/@testing-library/react/dist/pure.js:271:10)
          at Object.<anonymous> (/home/ssj4358/GWNU-WonJu-club/frontend/src/Main/Main_Component/CreateNotice.test.js:43:13)
          at Promise.then.completed (/home/ssj4358/GWNU-WonJu-club/frontend/node_modules/jest-circus/build/utils.js:391:28)
          at new Promise (<anonymous>)
          at callAsyncCircusFn (/home/ssj4358/GWNU-WonJu-club/frontend/node_modules/jest-circus/build/utils.js:316:10)
          at _callCircusTest (/home/ssj4358/GWNU-WonJu-club/frontend/node_modules/jest-circus/build/run.js:218:40)
          at processTicksAndRejections (node:internal/process/task_queues:95:5)
          at _runTest (/home/ssj4358/GWNU-WonJu-club/frontend/node_modules/jest-circus/build/run.js:155:3)
          at _runTestsForDescribeBlock (/home/ssj4358/GWNU-WonJu-club/frontend/node_modules/jest-circus/build/run.js:66:9)
          at _runTestsForDescribeBlock (/home/ssj4358/GWNU-WonJu-club/frontend/node_modules/jest-circus/build/run.js:60:9)
          at run (/home/ssj4358/GWNU-WonJu-club/frontend/node_modules/jest-circus/build/run.js:25:3)
          at runAndTransformResultsToJestFormat (/home/ssj4358/GWNU-WonJu-club/frontend/node_modules/jest-circus/build/legacy-code-todo-rewrite/jestAdapterInit.js:170:21)
          at jestAdapter (/home/ssj4358/GWNU-WonJu-club/frontend/node_modules/jest-circus/build/legacy-code-todo-rewrite/jestAdapter.js:82:19)
          at runTestInternal (/home/ssj4358/GWNU-WonJu-club/frontend/node_modules/jest-runner/build/runTest.js:389:16)
          at runTest (/home/ssj4358/GWNU-WonJu-club/frontend/node_modules/jest-runner/build/runTest.js:475:34)
          at Object.worker (/home/ssj4358/GWNU-WonJu-club/frontend/node_modules/jest-runner/build/testWorker.js:133:12)

      297 |       return;
      298 |     }
    > 299 |     originalError.call(console, ...args);
          |                   ^
      300 |   };
      301 | });
      302 |

      at console.error (src/setupTests.js:299:19)
      at VirtualConsole.<anonymous> (node_modules/jsdom/lib/jsdom/virtual-console.js:29:45)
      at reportException (node_modules/jsdom/lib/jsdom/living/helpers/runtime-script-errors.js:70:28)
      at innerInvokeEventListeners (node_modules/jsdom/lib/jsdom/living/events/EventTarget-impl.js:341:9)
      at invokeEventListeners (node_modules/jsdom/lib/jsdom/living/events/EventTarget-impl.js:274:3)
      at HTMLUnknownElementImpl._dispatch (node_modules/jsdom/lib/jsdom/living/events/EventTarget-impl.js:221:9)
      at HTMLUnknownElementImpl.dispatchEvent (node_modules/jsdom/lib/jsdom/living/events/EventTarget-impl.js:94:17)
      at HTMLUnknownElement.dispatchEvent (node_modules/jsdom/lib/jsdom/living/generated/EventTarget.js:231:34)
      at Object.invokeGuardedCallbackDev (node_modules/react-dom/cjs/react-dom.development.js:4213:16)
      at invokeGuardedCallback (node_modules/react-dom/cjs/react-dom.development.js:4277:31)
      at beginWork$1 (node_modules/react-dom/cjs/react-dom.development.js:27490:7)
      at performUnitOfWork (node_modules/react-dom/cjs/react-dom.development.js:26599:12)
      at workLoopSync (node_modules/react-dom/cjs/react-dom.development.js:26505:5)
      at renderRootSync (node_modules/react-dom/cjs/react-dom.development.js:26473:7)
      at recoverFromConcurrentError (node_modules/react-dom/cjs/react-dom.development.js:25889:20)
      at performConcurrentWorkOnRoot (node_modules/react-dom/cjs/react-dom.development.js:25789:22)
      at flushActQueue (node_modules/react/cjs/react.development.js:2667:24)
      at act (node_modules/react/cjs/react.development.js:2582:11)
      at node_modules/@testing-library/react/dist/act-compat.js:47:25
      at renderRoot (node_modules/@testing-library/react/dist/pure.js:180:26)
      at render (node_modules/@testing-library/react/dist/pure.js:271:10)
      at Object.<anonymous> (src/Main/Main_Component/CreateNotice.test.js:43:13)

PASS src/ChatBot/ChatBot.test.js
  ● Console

    console.log
      🚀 API Base URL: http://192.168.0.14:8000

      at Object.<anonymous> (src/config/apiConfig.js:25:9)

    console.log
      🔌 생성된 WebSocket URL: ws://192.168.0.14:8000/ws/chat/

      at getWebSocketUrl (src/ChatBot/ChatBot.js:22:13)

    console.log
      🚀 API Base URL: http://192.168.0.14:8000

      at src/ChatBot/ChatBot.js:70:13

    console.log
      🔌 WebSocket 연결 시도: ws://192.168.0.14:8000/ws/chat/

      at src/ChatBot/ChatBot.js:71:13

PASS src/ChatBot/ChatbotLayout.test.js
  ● Console

    console.log
      🚀 API Base URL: http://192.168.0.14:8000

      at Object.<anonymous> (src/config/apiConfig.js:25:9)

PASS src/Login/ResetPasswordPage.test.js
  ● Console

    console.log
      🚀 API Base URL: http://192.168.0.14:8000

      at Object.<anonymous> (src/config/apiConfig.js:25:9)

PASS src/hooks/useLocalStorage.test.js
  ● Console

    console.error
      Error reading localStorage: SyntaxError: Unexpected token i in JSON at position 0
          at JSON.parse (<anonymous>)
          at /home/ssj4358/GWNU-WonJu-club/frontend/src/hooks/useLocalStorage.test.js:7:26
          at mountState (/home/ssj4358/GWNU-WonJu-club/frontend/node_modules/react-dom/cjs/react-dom.development.js:16167:20)
          at Object.useState (/home/ssj4358/GWNU-WonJu-club/frontend/node_modules/react-dom/cjs/react-dom.development.js:16880:16)
          at Object.useState (/home/ssj4358/GWNU-WonJu-club/frontend/node_modules/react/cjs/react.development.js:1622:21)
          at useLocalStorage (/home/ssj4358/GWNU-WonJu-club/frontend/src/hooks/useLocalStorage.test.js:4:47)
          at /home/ssj4358/GWNU-WonJu-club/frontend/src/hooks/useLocalStorage.test.js:73:41
          at TestComponent (/home/ssj4358/GWNU-WonJu-club/frontend/node_modules/@testing-library/react/dist/pure.js:309:27)
          at renderWithHooks (/home/ssj4358/GWNU-WonJu-club/frontend/node_modules/react-dom/cjs/react-dom.development.js:15486:18)
          at mountIndeterminateComponent (/home/ssj4358/GWNU-WonJu-club/frontend/node_modules/react-dom/cjs/react-dom.development.js:20103:13)
          at beginWork (/home/ssj4358/GWNU-WonJu-club/frontend/node_modules/react-dom/cjs/react-dom.development.js:21626:16)
          at beginWork$1 (/home/ssj4358/GWNU-WonJu-club/frontend/node_modules/react-dom/cjs/react-dom.development.js:27465:14)
          at performUnitOfWork (/home/ssj4358/GWNU-WonJu-club/frontend/node_modules/react-dom/cjs/react-dom.development.js:26599:12)
          at workLoopSync (/home/ssj4358/GWNU-WonJu-club/frontend/node_modules/react-dom/cjs/react-dom.development.js:26505:5)
          at renderRootSync (/home/ssj4358/GWNU-WonJu-club/frontend/node_modules/react-dom/cjs/react-dom.development.js:26473:7)
          at performConcurrentWorkOnRoot (/home/ssj4358/GWNU-WonJu-club/frontend/node_modules/react-dom/cjs/react-dom.development.js:25777:74)
          at flushActQueue (/home/ssj4358/GWNU-WonJu-club/frontend/node_modules/react/cjs/react.development.js:2667:24)
          at act (/home/ssj4358/GWNU-WonJu-club/frontend/node_modules/react/cjs/react.development.js:2582:11)
          at /home/ssj4358/GWNU-WonJu-club/frontend/node_modules/@testing-library/react/dist/act-compat.js:47:25
          at renderRoot (/home/ssj4358/GWNU-WonJu-club/frontend/node_modules/@testing-library/react/dist/pure.js:180:26)
          at render (/home/ssj4358/GWNU-WonJu-club/frontend/node_modules/@testing-library/react/dist/pure.js:271:10)
          at renderHook (/home/ssj4358/GWNU-WonJu-club/frontend/node_modules/@testing-library/react/dist/pure.js:318:7)
          at Object.<anonymous> (/home/ssj4358/GWNU-WonJu-club/frontend/src/hooks/useLocalStorage.test.js:73:34)
          at Promise.then.completed (/home/ssj4358/GWNU-WonJu-club/frontend/node_modules/jest-circus/build/utils.js:391:28)
          at new Promise (<anonymous>)
          at callAsyncCircusFn (/home/ssj4358/GWNU-WonJu-club/frontend/node_modules/jest-circus/build/utils.js:316:10)
          at _callCircusTest (/home/ssj4358/GWNU-WonJu-club/frontend/node_modules/jest-circus/build/run.js:218:40)
          at processTicksAndRejections (node:internal/process/task_queues:95:5)
          at _runTest (/home/ssj4358/GWNU-WonJu-club/frontend/node_modules/jest-circus/build/run.js:155:3)
          at _runTestsForDescribeBlock (/home/ssj4358/GWNU-WonJu-club/frontend/node_modules/jest-circus/build/run.js:66:9)
          at _runTestsForDescribeBlock (/home/ssj4358/GWNU-WonJu-club/frontend/node_modules/jest-circus/build/run.js:60:9)
          at run (/home/ssj4358/GWNU-WonJu-club/frontend/node_modules/jest-circus/build/run.js:25:3)
          at runAndTransformResultsToJestFormat (/home/ssj4358/GWNU-WonJu-club/frontend/node_modules/jest-circus/build/legacy-code-todo-rewrite/jestAdapterInit.js:170:21)
          at jestAdapter (/home/ssj4358/GWNU-WonJu-club/frontend/node_modules/jest-circus/build/legacy-code-todo-rewrite/jestAdapter.js:82:19)
          at runTestInternal (/home/ssj4358/GWNU-WonJu-club/frontend/node_modules/jest-runner/build/runTest.js:389:16)
          at runTest (/home/ssj4358/GWNU-WonJu-club/frontend/node_modules/jest-runner/build/runTest.js:475:34)
          at Object.worker (/home/ssj4358/GWNU-WonJu-club/frontend/node_modules/jest-runner/build/testWorker.js:133:12)

      297 |       return;
      298 |     }
    > 299 |     originalError.call(console, ...args);
          |                   ^
      300 |   };
      301 | });
      302 |

      at console.error (src/setupTests.js:299:19)
      at src/hooks/useLocalStorage.test.js:9:15
      at mountState (node_modules/react-dom/cjs/react-dom.development.js:16167:20)
      at Object.useState (node_modules/react-dom/cjs/react-dom.development.js:16880:16)
      at Object.useState (node_modules/react/cjs/react.development.js:1622:21)
      at useLocalStorage (src/hooks/useLocalStorage.test.js:4:47)
      at src/hooks/useLocalStorage.test.js:73:41
      at TestComponent (node_modules/@testing-library/react/dist/pure.js:309:27)
      at renderWithHooks (node_modules/react-dom/cjs/react-dom.development.js:15486:18)
      at mountIndeterminateComponent (node_modules/react-dom/cjs/react-dom.development.js:20103:13)
      at beginWork (node_modules/react-dom/cjs/react-dom.development.js:21626:16)
      at beginWork$1 (node_modules/react-dom/cjs/react-dom.development.js:27465:14)
      at performUnitOfWork (node_modules/react-dom/cjs/react-dom.development.js:26599:12)
      at workLoopSync (node_modules/react-dom/cjs/react-dom.development.js:26505:5)
      at renderRootSync (node_modules/react-dom/cjs/react-dom.development.js:26473:7)
      at performConcurrentWorkOnRoot (node_modules/react-dom/cjs/react-dom.development.js:25777:74)
      at flushActQueue (node_modules/react/cjs/react.development.js:2667:24)
      at act (node_modules/react/cjs/react.development.js:2582:11)
      at node_modules/@testing-library/react/dist/act-compat.js:47:25
      at renderRoot (node_modules/@testing-library/react/dist/pure.js:180:26)
      at render (node_modules/@testing-library/react/dist/pure.js:271:10)
      at renderHook (node_modules/@testing-library/react/dist/pure.js:318:7)
      at Object.<anonymous> (src/hooks/useLocalStorage.test.js:73:34)

PASS src/Club/Club_Create/Club_create_post.test.js
  ● Console

    console.log
      🚀 API Base URL: http://192.168.0.14:8000

      at Object.<anonymous> (src/config/apiConfig.js:25:9)

PASS src/Event/Event_Component/EventCard.test.js
PASS src/Login/SignUpPage.test.js
  ● Console

    console.log
      🚀 API Base URL: http://192.168.0.14:8000

      at Object.<anonymous> (src/config/apiConfig.js:25:9)

PASS src/Club/Club_Component/Club_background.test.js
PASS src/Login/UserDetail.test.js
  ● Console

    console.log
      🚀 API Base URL: http://192.168.0.14:8000

      at Object.<anonymous> (src/config/apiConfig.js:25:9)

PASS src/components/UI/Button.test.js
PASS src/components/common/Loading.test.js
PASS src/Mypage/EditInformation.test.js
  ● Console

    console.log
      🚀 API Base URL: http://192.168.0.14:8000

      at Object.<anonymous> (src/config/apiConfig.js:25:9)

PASS src/components/Layout/Header.test.js
PASS src/components/Layout/Footer.test.js
PASS src/Login/NotFound.test.js
PASS src/Club/Club_Component/Club_body.test.js
PASS src/components/common/ErrorMessage.test.js
PASS src/Simple.test.js
PASS src/Club/Club_Card/club_event_card.test.js
PASS src/Club/Club_Card/club_photo_card.test.js
PASS src/redux/store/configureStore.test.js
  ● Console

    console.error
      A non-serializable value was detected in an action, in the path: `register`. Value: [Function: register] 
      Take a look at the logic that dispatched this action:  {
        type: 'persist/PERSIST',
        register: [Function: register],
        rehydrate: [Function: rehydrate]
      } 
      (See https://redux.js.org/faq/actions#why-should-type-be-a-string-or-at-least-serializable-why-should-my-action-types-be-constants) 
      (To allow non-serializable values see: https://redux-toolkit.js.org/usage/usage-guide#working-with-non-serializable-data)

      297 |       return;
      298 |     }
    > 299 |     originalError.call(console, ...args);
          |                   ^
      300 |   };
      301 | });
      302 |

      at console.error (src/setupTests.js:299:19)
      at node_modules/@reduxjs/toolkit/src/serializableStateInvariantMiddleware.ts:179:21
      at Object.measureTime (node_modules/@reduxjs/toolkit/src/utils.ts:8:16)
      at node_modules/@reduxjs/toolkit/src/serializableStateInvariantMiddleware.ts:172:22
      at node_modules/redux-thunk/dist/cjs/redux-thunk.cjs:32:12
      at node_modules/@reduxjs/toolkit/src/immutableStateInvariantMiddleware.ts:174:34
      at Object.dispatch (node_modules/@reduxjs/toolkit/src/actionCreatorInvariantMiddleware.ts:29:12)
      at Object.persist (node_modules/redux-persist/lib/persistStore.js:121:13)
      at persistStore (node_modules/redux-persist/lib/persistStore.js:130:15)
      at Object.<anonymous> (src/redux/store/configureStore.js:17:38)
      at Object.<anonymous> (src/redux/store/configureStore.test.js:3:19)

PASS src/utils/localStorage.test.js
PASS src/hooks/useAuth.test.js
PASS src/utils/helpers.test.js
PASS src/index.test.js
PASS src/utils/constants.test.js
PASS src/redux/reducers/authReducer.test.js
PASS src/reportWebVitals.test.js
PASS src/services/api.test.js
PASS src/redux/actionTypes.test.js
PASS src/redux/actions/authActions.test.js
PASS src/config/apiConfig.test.js
  ● Console

    console.log
      🚀 API Base URL: http://192.168.0.14:8000

      at Object.<anonymous> (src/config/apiConfig.js:25:9)

PASS src/styles/App.test.js
PASS src/redux/reducers/rootReducer.test.js
PASS src/utils/validation.test.js
FAIL src/Mypage/Myclub.test.js
  ● Test suite failed to run

    Cannot find module './MypageNav' from 'src/Mypage/Myclub.test.js'

      3 |
      4 | // MypageNav Mock
    > 5 | jest.mock('./MypageNav', () => {
        |      ^
      6 |   return function MockMypageNav() {
      7 |     return <div data-testid="mypage-nav">MyPage Navigation</div>;
      8 |   };

      at Resolver.resolveModule (node_modules/jest-resolve/build/resolver.js:324:11)
      at Object.<anonymous> (src/Mypage/Myclub.test.js:5:6)

FAIL src/Mypage/Mypage.test.js
  ● Test suite failed to run

    Cannot find module './Editinformation' from 'src/Mypage/Mypage.test.js'

      22 | });
      23 |
    > 24 | jest.mock('./Editinformation', () => {
         |      ^
      25 |   return function MockEditinformation() {
      26 |     return <div data-testid="edit-information">Edit Information</div>;
      27 |   };

      at Resolver.resolveModule (node_modules/jest-resolve/build/resolver.js:324:11)
      at Object.<anonymous> (src/Mypage/Mypage.test.js:24:6)

FAIL src/Event/Event_Component/ParentComponent.test.js
  ● Test suite failed to run

    Cannot find module '../Main/EventCard' from 'src/Event/Event_Component/ParentComponent.test.js'

      24 | });
      25 |
    > 26 | jest.mock('../Main/EventCard', () => {
         |      ^
      27 |   return function MockEventCard({ events }) {
      28 |     return (
      29 |       <div data-testid="event-card">

      at Resolver.resolveModule (node_modules/jest-resolve/build/resolver.js:324:11)
      at Object.<anonymous> (src/Event/Event_Component/ParentComponent.test.js:26:6)

-------------------------------------------|---------|----------|---------|---------|--------------------------------------------------------
File                                       | % Stmts | % Branch | % Funcs | % Lines | Uncovered Line #s                                      
-------------------------------------------|---------|----------|---------|---------|--------------------------------------------------------
All files                                  |   36.67 |    17.95 |   21.33 |   37.56 |                                                        
 src                                       |    3.12 |        0 |       0 |    3.33 |                                                        
  App.js                                   |       0 |        0 |       0 |       0 | 10-13                                                  
  setupTest.js                             |       0 |        0 |       0 |       0 |                                                        
  setupTests_backup.js                     |       0 |        0 |       0 |       0 | 5-222                                                  
  styles.js                                |     100 |      100 |     100 |     100 |                                                        
 src/Board/free_posts/free_posts_Component |   34.66 |    11.59 |   18.18 |   35.65 |                                                        
  Comment.js                               |   38.46 |        0 |   17.64 |   38.46 | 22-24,28,32,37-42,48-51,64-71,90-99,111-142            
  Data.js                                  |   10.25 |        0 |       0 |   10.25 | 5-20,26-61,67-87,92-111                                
  PostForm.js                              |    8.33 |        0 |      10 |    8.82 | 8-82                                                   
  PostList.js                              |      50 |    22.22 |   18.51 |   52.72 | 12-13,21-37,68-77,88,92,96,100-101,106,110,134-137,168 
  PostMain.js                              |     100 |      100 |     100 |     100 |                                                        
  PostView.js                              |   48.27 |     37.5 |   28.57 |   48.27 | 21-26,32,37-39,44-45,51-55                             
  WritePost.js                             |   42.85 |       25 |      20 |   45.45 | 22-30,34-60,72-97                                      
 src/ChatBot                               |   47.36 |    26.92 |      25 |   51.42 |                                                        
  ChatBot.js                               |   45.07 |    22.72 |   22.22 |   49.23 | 30,34-50,76-81,92-105,117-119,123-132,146,166,188      
  ChatbotLayout.js                         |      80 |       50 |      50 |      80 | 10                                                     
 src/Club                                  |      50 |       50 |   66.66 |      50 |                                                        
  ClubPage.js                              |      50 |       50 |   66.66 |      50 | 14-24                                                  
 src/Club/Club_Card                        |      20 |      100 |      20 |      20 |                                                        
  club_event_card.js                       |       0 |      100 |       0 |       0 | 4-8                                                    
  club_photo_card.js                       |       0 |      100 |       0 |       0 | 4-8                                                    
  club_profile_card.js                     |     100 |      100 |     100 |     100 |                                                        
 src/Club/Club_Component                   |      50 |    22.22 |   18.08 |   51.13 |                                                        
  Club_Management.js                       |   34.28 |      100 |    5.55 |   36.36 | 14-22,28,32-40,45-57,69-87                             
  Club_background.js                       |     100 |      100 |     100 |     100 |                                                        
  Club_board.js                            |   47.61 |    33.33 |   10.52 |   48.78 | 24-26,41-50,60,71-111                                  
  Club_body.js                             |   12.12 |    18.75 |    5.88 |   12.12 | 17-198                                                 
  Club_event.js                            |   75.67 |        0 |   30.76 |   77.77 | 48,52,56,59,84-124                                     
  Club_gallery.js                          |   75.67 |        0 |   30.76 |   77.77 | 49,53,57,60,87-105                                     
  Club_head.js                             |   23.07 |        0 |   11.11 |   23.07 | 20-21,25-44,61-69                                      
  Club_members.js                          |    92.3 |       50 |      75 |    92.3 | 40                                                     
 src/Club/Club_Create                      |   40.35 |    24.13 |    14.7 |    40.7 |                                                        
  Club_create_event.js                     |   38.29 |     7.69 |    6.66 |   39.13 | 23,27-28,33,37-73,79-80,101-139                        
  Club_create_photo.js                     |   36.66 |     37.5 |   22.22 |   36.66 | 20,25-32,35-64,76-89                                   
  Club_create_post.js                      |   45.94 |     37.5 |      20 |   45.94 | 21,26-33,38-67,78-91                                   
 src/Club_Introduce                        |   40.42 |    21.42 |   28.57 |    41.3 |                                                        
  ClubIntroducePage.js                     |   40.42 |    21.42 |   28.57 |    41.3 | 38-47,55-69,74-75,79-80,84,88,93,133-145               
 src/CreateClub                            |   39.24 |        0 |    12.5 |   42.46 |                                                        
  CreateClub.js                            |   51.51 |        0 |    7.69 |   62.96 | 25-48,53,80-95                                         
  CreateClubForm.js                        |   26.31 |        0 |    12.5 |   26.31 | 20-48,62-133                                           
  CreateClubPage.js                        |   66.66 |      100 |      50 |   66.66 | 9-10                                                   
  ParentComponent.js                       |       0 |      100 |       0 |       0 | 4-5                                                    
 src/Event/Event_Component                 |      60 |    38.46 |   38.77 |   60.16 |                                                        
  CreateEvent.js                           |   35.71 |    11.11 |    7.14 |   36.58 | 20,25,29-64,70-71,91-129                               
  CreateEventPage.js                       |       0 |      100 |       0 |       0 | 5-6                                                    
  EventCard.js                             |      75 |      100 |      50 |      75 | 8                                                      
  EventList.js                             |   76.31 |    46.66 |   55.17 |   77.14 | 12-13,21-37,104,109-110,123-124,150-152,216            
  EventPage.js                             |     100 |      100 |     100 |     100 |                                                        
  ParentComponent.js                       |       0 |      100 |       0 |       0 | 6-12                                                   
 src/Header                                |   56.75 |    52.63 |   55.55 |   55.55 |                                                        
  TopScreen.js                             |   56.75 |    52.63 |   55.55 |   55.55 | 22,31-34,41,50,54-60,65-70                             
 src/Login                                 |   56.37 |    28.07 |   54.28 |   56.46 |                                                        
  EmailConfirm.js                          |     100 |      100 |     100 |     100 |                                                        
  LoginPage.js                             |     100 |      100 |     100 |     100 |                                                        
  NotFound.js                              |     100 |      100 |     100 |     100 |                                                        
  ResetPasswordPage.js                     |   37.73 |    16.66 |   18.18 |   37.73 | 20,35,39-51,56-61,66-79,87-129                         
  SignUp.js                                |   32.43 |    11.76 |      40 |   33.33 | 25-31,35-82                                            
  SignUpPage.js                            |     100 |      100 |     100 |     100 |                                                        
  UserDetail.js                            |   53.33 |       50 |   66.66 |   53.33 | 15-16,22-31                                            
 src/Main/Main_Component                   |   56.93 |    35.41 |   33.72 |   59.89 |                                                        
  BannerCarousel.js                        |     100 |      100 |     100 |     100 |                                                        
  ClubAnalytics.js                         |      40 |        0 |      50 |      50 | 13-35                                                  
  ClubNotice.js                            |   78.37 |    54.54 |   57.14 |   79.41 | 26-27,39,45-51,99,126-127,140-141,168-171,211          
  ClubNoticetest.js                        |   53.24 |    27.77 |   22.85 |   58.57 | 10-11,19-35,71-82,94-98,122,126-127,140-155,184-210    
  CreateNotice.js                          |   43.75 |        0 |   14.28 |   43.75 | 14,18-37,51-61                                         
  MainPage.js                              |      20 |        0 |    9.09 |   20.83 | 15-24,28-50                                            
 src/Mypage                                |   26.12 |     3.84 |   15.62 |   26.36 |                                                        
  ChangePassword.js                        |      32 |        0 |      20 |      32 | 14-16,22-50,65-79                                      
  EditInformation.js                       |   37.93 |    16.66 |    12.5 |   37.93 | 19-21,27-57,75-108                                     
  MyClubPage.js                            |   27.27 |        0 |    12.5 |   28.57 | 10-34,39-40,47-53                                      
  Myclub.js                                |      50 |      100 |       0 |      50 | 8                                                      
  Mypage.js                                |       0 |        0 |       0 |       0 | 11-72                                                  
  MypageHome.js                            |     100 |      100 |     100 |     100 |                                                        
 src/club_management                       |    0.32 |        0 |       0 |    0.33 |                                                        
  club_management.js                       |    0.32 |        0 |       0 |    0.33 | 11-756                                                 
 src/config                                |   77.77 |       50 |     100 |   77.77 |                                                        
  apiConfig.js                             |   77.77 |       50 |     100 |   77.77 | 8,20                                                   
 src/redux                                 |     100 |      100 |     100 |     100 |                                                        
  actionTypes.js                           |     100 |      100 |     100 |     100 |                                                        
 src/redux/actions                         |      25 |      100 |       0 |   33.33 |                                                        
  authActions.js                           |      25 |      100 |       0 |   33.33 | 9-11                                                   
 src/redux/reducers                        |   71.42 |       50 |     100 |   71.42 |                                                        
  authReducer.js                           |   66.66 |       50 |     100 |   66.66 | 11-17                                                  
  rootReducer.js                           |     100 |      100 |     100 |     100 |                                                        
 src/redux/store                           |     100 |      100 |     100 |     100 |                                                        
  configureStore.js                        |     100 |      100 |     100 |     100 |                                                        
 src/routes                                |     100 |      100 |     100 |     100 |                                                        
  routes.js                                |     100 |      100 |     100 |     100 |                                                        
 src/utils                                 |       0 |        0 |       0 |       0 |                                                        
  testUtils.js                             |       0 |        0 |       0 |       0 | 7-48                                                   
-------------------------------------------|---------|----------|---------|---------|--------------------------------------------------------
Jest: "global" coverage threshold for statements (70%) not met: 36.67%
Jest: "global" coverage threshold for branches (70%) not met: 17.95%
Jest: "global" coverage threshold for lines (70%) not met: 37.56%
Jest: "global" coverage threshold for functions (70%) not met: 21.33%
Summary of all failing tests
FAIL src/Main/Main_Component/ClubNotice.test.js (5.792 s)
  ● ClubNotice Component › 검색 기능이 정상적으로 동작한다

    TypeError: Cannot read properties of undefined (reading 'then')

      90 |         'Authorization': `Token ${token}`,
      91 |       },
    > 92 |     })
         |       ^
      93 |       .then((response) => response.json())
      94 |       .then((data) => {
      95 |         if (data.results) {

      at fetchNotices (src/Main/Main_Component/ClubNotice.js:92:7)
      at src/Main/Main_Component/ClubNotice.js:81:5
      at commitHookEffectListMount (node_modules/react-dom/cjs/react-dom.development.js:23189:26)
      at commitPassiveMountOnFiber (node_modules/react-dom/cjs/react-dom.development.js:24970:11)
      at commitPassiveMountEffects_complete (node_modules/react-dom/cjs/react-dom.development.js:24930:9)
      at commitPassiveMountEffects_begin (node_modules/react-dom/cjs/react-dom.development.js:24917:7)
      at commitPassiveMountEffects (node_modules/react-dom/cjs/react-dom.development.js:24905:3)
      at flushPassiveEffectsImpl (node_modules/react-dom/cjs/react-dom.development.js:27078:3)
      at flushPassiveEffects (node_modules/react-dom/cjs/react-dom.development.js:27023:14)
      at commitRootImpl (node_modules/react-dom/cjs/react-dom.development.js:26974:5)
      at commitRoot (node_modules/react-dom/cjs/react-dom.development.js:26721:5)
      at performSyncWorkOnRoot (node_modules/react-dom/cjs/react-dom.development.js:26156:3)
      at flushSyncCallbacks (node_modules/react-dom/cjs/react-dom.development.js:12042:22)
      at flushActQueue (node_modules/react/cjs/react.development.js:2667:24)
      at recursivelyFlushAsyncActWork (node_modules/react/cjs/react.development.js:2633:9)
      at node_modules/react/cjs/react.development.js:2545:15

FAIL src/Mypage/Myclub.test.js
  ● Test suite failed to run

    Cannot find module './MypageNav' from 'src/Mypage/Myclub.test.js'

      3 |
      4 | // MypageNav Mock
    > 5 | jest.mock('./MypageNav', () => {
        |      ^
      6 |   return function MockMypageNav() {
      7 |     return <div data-testid="mypage-nav">MyPage Navigation</div>;
      8 |   };

      at Resolver.resolveModule (node_modules/jest-resolve/build/resolver.js:324:11)
      at Object.<anonymous> (src/Mypage/Myclub.test.js:5:6)

FAIL src/Mypage/Mypage.test.js
  ● Test suite failed to run

    Cannot find module './Editinformation' from 'src/Mypage/Mypage.test.js'

      22 | });
      23 |
    > 24 | jest.mock('./Editinformation', () => {
         |      ^
      25 |   return function MockEditinformation() {
      26 |     return <div data-testid="edit-information">Edit Information</div>;
      27 |   };

      at Resolver.resolveModule (node_modules/jest-resolve/build/resolver.js:324:11)
      at Object.<anonymous> (src/Mypage/Mypage.test.js:24:6)

FAIL src/Event/Event_Component/ParentComponent.test.js
  ● Test suite failed to run

    Cannot find module '../Main/EventCard' from 'src/Event/Event_Component/ParentComponent.test.js'

      24 | });
      25 |
    > 26 | jest.mock('../Main/EventCard', () => {
         |      ^
      27 |   return function MockEventCard({ events }) {
      28 |     return (
      29 |       <div data-testid="event-card">

      at Resolver.resolveModule (node_modules/jest-resolve/build/resolver.js:324:11)
      at Object.<anonymous> (src/Event/Event_Component/ParentComponent.test.js:26:6)


Test Suites: 4 failed, 77 passed, 81 total
Tests:       1 failed, 263 passed, 264 total
Snapshots:   0 total
Time:        41.7 s
Ran all test suites.
